path,set,subclass,projection,study_uid,primary_label,admitted,admission_reason_code,modality_score
ml\outputs\calibration\sets\frontal\2239_IM-0836-1001.dcm.png,positive,chest_radiograph_frontal,Frontal,2239.0,Support Devices,True,,0.999848256563835
ml\outputs\calibration\sets\frontal\473_IM-2101-1001.dcm.png,positive,chest_radiograph_frontal,Frontal,473.0,Normal,True,,0.999959830212701
ml\outputs\calibration\sets\frontal\2579_IM-1078-1001.dcm.png,positive,chest_radiograph_frontal,Frontal,2579.0,Normal,True,,0.9999897730433358
ml\outputs\calibration\sets\frontal\3111_IM-1461-1001.dcm.png,positive,chest_radiograph_frontal,Frontal,3111.0,Edema/Congestion,True,,0.9999116784001257
ml\outputs\calibration\sets\frontal\3158_IM-1487-1001.dcm.png,positive,chest_radiograph_frontal,Frontal,3158.0,Scarring,True,,0.9959201386559747
ml\outputs\calibration\sets\frontal\739_IM-2296-1001.dcm.png,positive,chest_radiograph_frontal,Frontal,739.0,Normal,True,,0.9999784299432846
ml\outputs\calibration\sets\frontal\3658_IM-1819-1001.dcm.png,positive,chest_radiograph_frontal,Frontal,3658.0,Nodule/Mass,True,,0.9999965538164389
ml\outputs\calibration\sets\frontal\2394_IM-0944-1001.dcm.png,positive,chest_radiograph_frontal,Frontal,2394.0,Normal,True,,0.9999981561525104
ml\outputs\calibration\sets\frontal\3687_IM-1838-2001.dcm.png,positive,chest_radiograph_frontal,Frontal,3687.0,Atelectasis,True,,0.9999905651187625
ml\outputs\calibration\sets\frontal\2859_IM-1266-1001.dcm.png,positive,chest_radiograph_frontal,Frontal,2859.0,Pneumonia,True,,0.9995839926591844
ml\outputs\calibration\sets\frontal\2868_IM-1275-1001.dcm.png,positive,chest_radiograph_frontal,Frontal,2868.0,Degenerative/Bone,True,,0.9999941092920552
ml\outputs\calibration\sets\frontal\1239_IM-0160-1001.dcm.png,positive,chest_radiograph_frontal,Frontal,1239.0,Normal,True,,0.9999902052870738
ml\outputs\calibration\sets\frontal\3229_IM-1526-1001.dcm.png,positive,chest_radiograph_frontal,Frontal,3229.0,Other Abnormality,True,,0.999746816581897
ml\outputs\calibration\sets\frontal\3663_IM-1822-1001.dcm.png,positive,chest_radiograph_frontal,Frontal,3663.0,Normal,True,,0.9999940536235185
ml\outputs\calibration\sets\frontal\2864_IM-1272-1001.dcm.png,positive,chest_radiograph_frontal,Frontal,2864.0,Lung Opacity,True,,0.9999978606245162
ml\outputs\calibration\sets\frontal\2456_IM-0989-1001.dcm.png,positive,chest_radiograph_frontal,Frontal,2456.0,Cardiomegaly,True,,0.9996210833817553
ml\outputs\calibration\sets\frontal\844_IM-2367-1001.dcm.png,positive,chest_radiograph_frontal,Frontal,844.0,Normal,True,,0.9999476745057476
ml\outputs\calibration\sets\frontal\2958_IM-1354-1001.dcm.png,positive,chest_radiograph_frontal,Frontal,2958.0,Fibrosis/Interstitial,True,,0.9999513837285711
ml\outputs\calibration\sets\frontal\1721_IM-0476-1001.dcm.png,positive,chest_radiograph_frontal,Frontal,1721.0,Normal,True,,0.9999887182793339
ml\outputs\calibration\sets\frontal\2575_IM-1075-1001.dcm.png,positive,chest_radiograph_frontal,Frontal,2575.0,Other Abnormality,True,,0.9999838198860218
ml\outputs\calibration\sets\frontal\3428_IM-1657-1001.dcm.png,positive,chest_radiograph_frontal,Frontal,3428.0,Degenerative/Bone,True,,0.9999518073329533
ml\outputs\calibration\sets\frontal\3688_IM-1839-0001-0001.dcm.png,positive,chest_radiograph_frontal,Frontal,3688.0,Pleural Effusion,True,,0.9998179038695693
ml\outputs\calibration\sets\frontal\2263_IM-0853-1001.dcm.png,positive,chest_radiograph_frontal,Frontal,2263.0,Atelectasis,True,,0.9996214129348657
ml\outputs\calibration\sets\frontal\2174_IM-0787-1001.dcm.png,positive,chest_radiograph_frontal,Frontal,2174.0,Normal,True,,0.9998170501172644
ml\outputs\calibration\sets\frontal\1913_IM-0595-1001.dcm.png,positive,chest_radiograph_frontal,Frontal,1913.0,Other Abnormality,True,,0.999987995095808
ml\outputs\calibration\sets\frontal\3486_IM-1695-1001.dcm.png,positive,chest_radiograph_frontal,Frontal,3486.0,Other Abnormality,True,,0.9999988703562133
ml\outputs\calibration\sets\frontal\741_IM-2297-1001.dcm.png,positive,chest_radiograph_frontal,Frontal,741.0,Normal,True,,0.9999748723757611
ml\outputs\calibration\sets\frontal\3189_IM-1505-1001.dcm.png,positive,chest_radiograph_frontal,Frontal,3189.0,Other Abnormality,True,,0.9992312207069871
ml\outputs\calibration\sets\frontal\560_IM-2161-1001.dcm.png,positive,chest_radiograph_frontal,Frontal,560.0,Normal,True,,0.9999724119621848
ml\outputs\calibration\sets\frontal\3137_IM-1476-1001.dcm.png,positive,chest_radiograph_frontal,Frontal,3137.0,Calcinosis/Atherosclerosis,True,,0.9999589821742398
ml\outputs\calibration\sets\frontal\3195_IM-1506-0001-0002.dcm.png,positive,chest_radiograph_frontal,Frontal,3195.0,Support Devices,True,,0.99994900494309
ml\outputs\calibration\sets\frontal\3826_IM-1932-1001.dcm.png,positive,chest_radiograph_frontal,Frontal,3826.0,Normal,True,,0.9999971212095097
ml\outputs\calibration\sets\frontal\2036_IM-0680-4001.dcm.png,positive,chest_radiograph_frontal,Frontal,2036.0,Atelectasis,True,,0.9970445243857395
ml\outputs\calibration\sets\frontal\3611_IM-1784-0001-0001.dcm.png,positive,chest_radiograph_frontal,Frontal,3611.0,Degenerative/Bone,True,,0.999904913116661
ml\outputs\calibration\sets\frontal\2631_IM-1118-1001.dcm.png,positive,chest_radiograph_frontal,Frontal,2631.0,Support Devices,True,,0.9984122273365399
ml\outputs\calibration\sets\frontal\430_IM-2071-1001.dcm.png,positive,chest_radiograph_frontal,Frontal,430.0,Normal,True,,0.999956666486348
ml\outputs\calibration\sets\frontal\3682_IM-1834-1001.dcm.png,positive,chest_radiograph_frontal,Frontal,3682.0,Other Abnormality,True,,0.999957307519338
ml\outputs\calibration\sets\frontal\2367_IM-0928-1001.dcm.png,positive,chest_radiograph_frontal,Frontal,2367.0,Normal,True,,0.999979205442541
ml\outputs\calibration\sets\frontal\2920_IM-1323-1001.dcm.png,positive,chest_radiograph_frontal,Frontal,2920.0,Normal,True,,0.9999699270817228
ml\outputs\calibration\sets\frontal\2712_IM-1179-2001.dcm.png,positive,chest_radiograph_frontal,Frontal,2712.0,Granuloma,True,,0.9999979369542515
ml\outputs\calibration\sets\frontal\2490_IM-1017-1001.dcm.png,positive,chest_radiograph_frontal,Frontal,2490.0,Granuloma,True,,0.9999848418974069
ml\outputs\calibration\sets\frontal\899_IM-2407-1001.dcm.png,positive,chest_radiograph_frontal,Frontal,899.0,Normal,True,,0.9997426412737844
ml\outputs\calibration\sets\frontal\2759_IM-1207-1001.dcm.png,positive,chest_radiograph_frontal,Frontal,2759.0,Other Abnormality,True,,0.99996902988325
ml\outputs\calibration\sets\frontal\3165_IM-1490-13013.dcm.png,positive,chest_radiograph_frontal,Frontal,3165.0,Degenerative/Bone,True,,0.9997259494258919
ml\outputs\calibration\sets\frontal\3766_IM-1885-1001.dcm.png,positive,chest_radiograph_frontal,Frontal,3766.0,Degenerative/Bone,True,,0.9997746342737869
ml\outputs\calibration\sets\frontal\2981_IM-1371-1001.dcm.png,positive,chest_radiograph_frontal,Frontal,2981.0,Degenerative/Bone,True,,0.9999808103058647
ml\outputs\calibration\sets\frontal\1729_IM-0480-1001.dcm.png,positive,chest_radiograph_frontal,Frontal,1729.0,Emphysema/COPD,True,,0.9999993287475168
ml\outputs\calibration\sets\frontal\2623_IM-1111-1001.dcm.png,positive,chest_radiograph_frontal,Frontal,2623.0,Normal,True,,0.9999972583528907
ml\outputs\calibration\sets\frontal\3045_IM-1418-1001.dcm.png,positive,chest_radiograph_frontal,Frontal,3045.0,Normal,True,,0.9999873902479818
ml\outputs\calibration\sets\frontal\2728_IM-1187-1001.dcm.png,positive,chest_radiograph_frontal,Frontal,2728.0,Edema/Congestion,True,,0.9999452862325526
ml\outputs\calibration\sets\frontal\3408_IM-1648-1001.dcm.png,positive,chest_radiograph_frontal,Frontal,3408.0,Degenerative/Bone,True,,0.9999537160009773
ml\outputs\calibration\sets\frontal\2439_IM-0978-1001.dcm.png,positive,chest_radiograph_frontal,Frontal,2439.0,Emphysema/COPD,True,,0.9999957124644112
ml\outputs\calibration\sets\frontal\2891_IM-1294-1001.dcm.png,positive,chest_radiograph_frontal,Frontal,2891.0,Hernia/Diaphragm,True,,0.9904131551942067
ml\outputs\calibration\sets\frontal\3243_IM-1535-0001-0001.dcm.png,positive,chest_radiograph_frontal,Frontal,3243.0,Lung Opacity,True,,0.9941921043183565
ml\outputs\calibration\sets\frontal\3642_IM-1806-1001.dcm.png,positive,chest_radiograph_frontal,Frontal,3642.0,Other Abnormality,True,,0.9999235741379168
ml\outputs\calibration\sets\frontal\2131_IM-0755-1001.dcm.png,positive,chest_radiograph_frontal,Frontal,2131.0,Normal,True,,0.9999983051426891
ml\outputs\calibration\sets\frontal\287_IM-1276-4004.dcm.png,positive,chest_radiograph_frontal,Frontal,287.0,Normal,True,,0.9999956124881522
ml\outputs\calibration\sets\frontal\2671_IM-1148-1001-0002.dcm.png,positive,chest_radiograph_frontal,Frontal,2671.0,Other Abnormality,True,,0.9999777039023408
ml\outputs\calibration\sets\frontal\3103_IM-1454-1001.dcm.png,positive,chest_radiograph_frontal,Frontal,3103.0,Hernia/Diaphragm,True,,0.9999897586209129
ml\outputs\calibration\sets\frontal\3247_IM-1538-1001.dcm.png,positive,chest_radiograph_frontal,Frontal,3247.0,Normal,True,,0.9999557904768263
ml\outputs\calibration\sets\frontal\2580_IM-1078-1001.dcm.png,positive,chest_radiograph_frontal,Frontal,2580.0,Scarring,True,,0.9999990364978453
ml\outputs\calibration\sets\frontal\3600_IM-1776-4004.dcm.png,positive,chest_radiograph_frontal,Frontal,3600.0,Scarring,True,,0.9999938473357286
ml\outputs\calibration\sets\frontal\1676_IM-0445-1001.dcm.png,positive,chest_radiograph_frontal,Frontal,1676.0,Emphysema/COPD,True,,0.9999954558720806
ml\outputs\calibration\sets\frontal\1994_IM-0651-1001.dcm.png,positive,chest_radiograph_frontal,Frontal,1994.0,Normal,True,,0.9999611116354875
ml\outputs\calibration\sets\frontal\3069_IM-1432-1001.dcm.png,positive,chest_radiograph_frontal,Frontal,3069.0,Pneumonia,True,,0.9999979352515181
ml\outputs\calibration\sets\frontal\2544_IM-1054-1001.dcm.png,positive,chest_radiograph_frontal,Frontal,2544.0,Cardiomegaly,True,,0.9999677411585592
ml\outputs\calibration\sets\frontal\2578_IM-1078-1001.dcm.png,positive,chest_radiograph_frontal,Frontal,2578.0,Degenerative/Bone,True,,0.9999626094068004
ml\outputs\calibration\sets\frontal\3798_IM-1911-1001.dcm.png,positive,chest_radiograph_frontal,Frontal,3798.0,Lung Opacity,True,,0.9999933412641374
ml\outputs\calibration\sets\frontal\986_IM-2473-2002.dcm.png,positive,chest_radiograph_frontal,Frontal,986.0,Normal,True,,0.9999991963675431
ml\outputs\calibration\sets\frontal\3430_IM-1659-4004.dcm.png,positive,chest_radiograph_frontal,Frontal,3430.0,Edema/Congestion,True,,0.9998567294708987
ml\outputs\calibration\sets\frontal\1534_IM-0345-4004.dcm.png,positive,chest_radiograph_frontal,Frontal,1534.0,Degenerative/Bone,True,,0.9995206079895878
ml\outputs\calibration\sets\frontal\3406_IM-1647-1001.dcm.png,positive,chest_radiograph_frontal,Frontal,3406.0,Granuloma,True,,0.9999738085493394
ml\outputs\calibration\sets\frontal\3987_IM-2041-1001.dcm.png,positive,chest_radiograph_frontal,Frontal,3987.0,Degenerative/Bone,True,,0.9998904071001615
ml\outputs\calibration\sets\frontal\3581_IM-1761-1001.dcm.png,positive,chest_radiograph_frontal,Frontal,3581.0,Degenerative/Bone,True,,0.9999955727910272
ml\outputs\calibration\sets\frontal\3454_IM-1677-3001.dcm.png,positive,chest_radiograph_frontal,Frontal,3454.0,Support Devices,True,,0.999990004953906
ml\outputs\calibration\sets\frontal\2161_IM-0779-1001.dcm.png,positive,chest_radiograph_frontal,Frontal,2161.0,Normal,True,,0.9999731067736531
ml\outputs\calibration\sets\frontal\3457_IM-1678-1001.dcm.png,positive,chest_radiograph_frontal,Frontal,3457.0,Degenerative/Bone,True,,0.9999757842907616
ml\outputs\calibration\sets\frontal\3117_IM-1465-1001.dcm.png,positive,chest_radiograph_frontal,Frontal,3117.0,Normal,True,,0.9993136333808254
ml\outputs\calibration\sets\frontal\3013_IM-1391-0001-0001.dcm.png,positive,chest_radiograph_frontal,Frontal,3013.0,Cardiomegaly,True,,0.9999979948386134
ml\outputs\calibration\sets\frontal\2223_IM-0827-1001.dcm.png,positive,chest_radiograph_frontal,Frontal,2223.0,Normal,True,,0.9997217389589903
ml\outputs\calibration\sets\frontal\943_IM-2439-5005.dcm.png,positive,chest_radiograph_frontal,Frontal,943.0,Normal,True,,0.9999802987008191
ml\outputs\calibration\sets\frontal\3807_IM-1917-1001.dcm.png,positive,chest_radiograph_frontal,Frontal,3807.0,Other Abnormality,True,,0.999974271052636
ml\outputs\calibration\sets\frontal\1384_IM-0246-1001.dcm.png,positive,chest_radiograph_frontal,Frontal,1384.0,Normal,True,,0.9999985317817962
ml\outputs\calibration\sets\frontal\3662_IM-1821-1001.dcm.png,positive,chest_radiograph_frontal,Frontal,3662.0,Calcinosis/Atherosclerosis,True,,0.9999504715363955
ml\outputs\calibration\sets\frontal\1944_IM-0613-1001.dcm.png,positive,chest_radiograph_frontal,Frontal,1944.0,Calcinosis/Atherosclerosis,True,,0.9999994944241755
ml\outputs\calibration\sets\frontal\3803_IM-1913-3001.dcm.png,positive,chest_radiograph_frontal,Frontal,3803.0,Emphysema/COPD,True,,0.9999826467228673
ml\outputs\calibration\sets\frontal\3690_IM-1841-1001.dcm.png,positive,chest_radiograph_frontal,Frontal,3690.0,Cardiomegaly,True,,0.9999011229123377
ml\outputs\calibration\sets\frontal\3814_IM-1923-1001.dcm.png,positive,chest_radiograph_frontal,Frontal,3814.0,Normal,True,,0.9999967862530108
ml\outputs\calibration\sets\frontal\3467_IM-1684-0001-0001.dcm.png,positive,chest_radiograph_frontal,Frontal,3467.0,Calcinosis/Atherosclerosis,True,,0.9999967947804006
ml\outputs\calibration\sets\frontal\496_IM-2114-1001.dcm.png,positive,chest_radiograph_frontal,Frontal,496.0,Normal,True,,0.9996240538609132
ml\outputs\calibration\sets\frontal\1267_IM-0179-1001.dcm.png,positive,chest_radiograph_frontal,Frontal,1267.0,Normal,True,,0.9994450135680096
ml\outputs\calibration\sets\frontal\2014_IM-0664-1001.dcm.png,positive,chest_radiograph_frontal,Frontal,2014.0,Other Abnormality,True,,0.9999975610294227
ml\outputs\calibration\sets\frontal\3471_IM-1687-2002.dcm.png,positive,chest_radiograph_frontal,Frontal,3471.0,Hernia/Diaphragm,True,,0.9999839695250445
ml\outputs\calibration\sets\frontal\2434_IM-0976-1001.dcm.png,positive,chest_radiograph_frontal,Frontal,2434.0,Scarring,True,,0.9999975614982965
ml\outputs\calibration\sets\frontal\2517_IM-1036-1001.dcm.png,positive,chest_radiograph_frontal,Frontal,2517.0,Normal,True,,0.9999705946053153
ml\outputs\calibration\sets\frontal\3028_IM-1403-1001.dcm.png,positive,chest_radiograph_frontal,Frontal,3028.0,Calcinosis/Atherosclerosis,True,,0.999969377269106
ml\outputs\calibration\sets\frontal\238_IM-0939-1001.dcm.png,positive,chest_radiograph_frontal,Frontal,238.0,Normal,True,,0.9999932721202158
ml\outputs\calibration\sets\frontal\3891_IM-1973-1001.dcm.png,positive,chest_radiograph_frontal,Frontal,3891.0,Pneumothorax,True,,0.9993327172993028
ml\outputs\calibration\sets\frontal\2467_IM-0997-1001.dcm.png,positive,chest_radiograph_frontal,Frontal,2467.0,Lung Opacity,True,,0.9999576159641729
ml\outputs\calibration\sets\frontal\2865_IM-1273-1001.dcm.png,positive,chest_radiograph_frontal,Frontal,2865.0,Support Devices,True,,0.9999977909740251
ml\outputs\calibration\sets\frontal\1645_IM-0422-1001.dcm.png,positive,chest_radiograph_frontal,Frontal,1645.0,Lung Opacity,True,,0.9999965003002538
ml\outputs\calibration\sets\frontal\3553_IM-1741-1001.dcm.png,positive,chest_radiograph_frontal,Frontal,3553.0,Normal,True,,0.9999610043181902
ml\outputs\calibration\sets\frontal\3232_IM-1529-1001.dcm.png,positive,chest_radiograph_frontal,Frontal,3232.0,Nodule/Mass,True,,0.99999477272934
ml\outputs\calibration\sets\frontal\3765_IM-1884-1001.dcm.png,positive,chest_radiograph_frontal,Frontal,3765.0,Normal,True,,0.9999680079240789
ml\outputs\calibration\sets\frontal\3477_IM-1690-3001.dcm.png,positive,chest_radiograph_frontal,Frontal,3477.0,Normal,True,,0.9999650108565122
ml\outputs\calibration\sets\frontal\727_IM-2287-1001.dcm.png,positive,chest_radiograph_frontal,Frontal,727.0,Normal,True,,0.999948422851187
ml\outputs\calibration\sets\frontal\951_IM-2447-1001.dcm.png,positive,chest_radiograph_frontal,Frontal,951.0,Normal,True,,0.9999890379779415
ml\outputs\calibration\sets\frontal\3983_IM-2039-1001.dcm.png,positive,chest_radiograph_frontal,Frontal,3983.0,Atelectasis,True,,0.9996468080376886
ml\outputs\calibration\sets\frontal\1615_IM-0398-4004.dcm.png,positive,chest_radiograph_frontal,Frontal,1615.0,Normal,True,,0.9999761659005799
ml\outputs\calibration\sets\frontal\3363_IM-1616-1001.dcm.png,positive,chest_radiograph_frontal,Frontal,3363.0,Support Devices,True,,0.9999606711575957
ml\outputs\calibration\sets\frontal\3424_IM-1656-1001.dcm.png,positive,chest_radiograph_frontal,Frontal,3424.0,Granuloma,True,,0.9989855823436726
ml\outputs\calibration\sets\frontal\1758_IM-0495-1001.dcm.png,positive,chest_radiograph_frontal,Frontal,1758.0,Other Abnormality,True,,0.9994589565133511
ml\outputs\calibration\sets\frontal\2384_IM-0942-1001.dcm.png,positive,chest_radiograph_frontal,Frontal,2384.0,Hernia/Diaphragm,True,,0.9999379787717982
ml\outputs\calibration\sets\frontal\2275_IM-0862-1001.dcm.png,positive,chest_radiograph_frontal,Frontal,2275.0,Nodule/Mass,True,,0.999991973012586
ml\outputs\calibration\sets\frontal\2844_IM-1254-1001.dcm.png,positive,chest_radiograph_frontal,Frontal,2844.0,Degenerative/Bone,True,,0.9999848833002953
ml\outputs\calibration\sets\frontal\428_IM-2070-1001.dcm.png,positive,chest_radiograph_frontal,Frontal,428.0,Normal,True,,0.9998593256028978
ml\outputs\calibration\sets\frontal\1685_IM-0449-1001.dcm.png,positive,chest_radiograph_frontal,Frontal,1685.0,Other Abnormality,True,,0.9999911899915884
ml\outputs\calibration\sets\frontal\2401_IM-0950-1001.dcm.png,positive,chest_radiograph_frontal,Frontal,2401.0,Normal,True,,0.9999822469635806
ml\outputs\calibration\sets\frontal\2457_IM-0989-1001.dcm.png,positive,chest_radiograph_frontal,Frontal,2457.0,Normal,True,,0.9999939471580765
ml\outputs\calibration\sets\frontal\1683_IM-0449-1001.dcm.png,positive,chest_radiograph_frontal,Frontal,1683.0,Other Abnormality,True,,0.9987265695758989
ml\outputs\calibration\sets\frontal\632_IM-2213-1001.dcm.png,positive,chest_radiograph_frontal,Frontal,632.0,Normal,True,,0.9999755094855527
ml\outputs\calibration\sets\frontal\2960_IM-1354-1001.dcm.png,positive,chest_radiograph_frontal,Frontal,2960.0,Normal,True,,0.9999942259688664
ml\outputs\calibration\sets\frontal\110_IM-0067-1001.dcm.png,positive,chest_radiograph_frontal,Frontal,110.0,Normal,True,,0.9999930670048248
ml\outputs\calibration\sets\frontal\2765_IM-1210-1001.dcm.png,positive,chest_radiograph_frontal,Frontal,2765.0,Normal,True,,0.9999868278507366
ml\outputs\calibration\sets\frontal\3331_IM-1595-1001.dcm.png,positive,chest_radiograph_frontal,Frontal,3331.0,Granuloma,True,,0.9999832413416887
ml\outputs\calibration\sets\frontal\3713_IM-1855-1001.dcm.png,positive,chest_radiograph_frontal,Frontal,3713.0,Other Abnormality,True,,0.9999872054913606
ml\outputs\calibration\sets\frontal\2066_IM-0701-1001.dcm.png,positive,chest_radiograph_frontal,Frontal,2066.0,Atelectasis,True,,0.9999860890430323
ml\outputs\calibration\sets\frontal\3322_IM-1588-1001.dcm.png,positive,chest_radiograph_frontal,Frontal,3322.0,Granuloma,True,,0.999990303505789
ml\outputs\calibration\sets\frontal\3311_IM-1586-1001.dcm.png,positive,chest_radiograph_frontal,Frontal,3311.0,Normal,True,,0.9999159342811009
ml\outputs\calibration\sets\frontal\3615_IM-1788-1001.dcm.png,positive,chest_radiograph_frontal,Frontal,3615.0,Support Devices,True,,0.9999322689210889
ml\outputs\calibration\sets\frontal\3557_IM-1742-0001-0002.dcm.png,positive,chest_radiograph_frontal,Frontal,3557.0,Pleural Effusion,True,,0.9999830593826913
ml\outputs\calibration\sets\frontal\2447_IM-0983-1001.dcm.png,positive,chest_radiograph_frontal,Frontal,2447.0,Calcinosis/Atherosclerosis,True,,0.9999435641075207
ml\outputs\calibration\sets\frontal\2847_IM-1256-1001.dcm.png,positive,chest_radiograph_frontal,Frontal,2847.0,Support Devices,True,,0.9999920279601883
ml\outputs\calibration\sets\frontal\2726_IM-1186-2001.dcm.png,positive,chest_radiograph_frontal,Frontal,2726.0,Normal,True,,0.9998945706272505
ml\outputs\calibration\sets\frontal\2636_IM-1121-1001.dcm.png,positive,chest_radiograph_frontal,Frontal,2636.0,Other Abnormality,True,,0.9999425502169336
ml\outputs\calibration\sets\frontal\2831_IM-1249-1001.dcm.png,positive,chest_radiograph_frontal,Frontal,2831.0,Pneumothorax,True,,0.9985482468133459
ml\outputs\calibration\sets\frontal\2295_IM-0876-1001.dcm.png,positive,chest_radiograph_frontal,Frontal,2295.0,Calcinosis/Atherosclerosis,True,,0.999989604461509
ml\outputs\calibration\sets\frontal\3099_IM-1450-1001.dcm.png,positive,chest_radiograph_frontal,Frontal,3099.0,Calcinosis/Atherosclerosis,True,,0.9999718629659671
ml\outputs\calibration\sets\frontal\3781_IM-1897-1001.dcm.png,positive,chest_radiograph_frontal,Frontal,3781.0,Normal,True,,0.9998802834787371
ml\outputs\calibration\sets\frontal\3415_IM-1650-1001.dcm.png,positive,chest_radiograph_frontal,Frontal,3415.0,Atelectasis,True,,0.9999824658019237
ml\outputs\calibration\sets\frontal\2448_IM-0983-1001.dcm.png,positive,chest_radiograph_frontal,Frontal,2448.0,Pneumothorax,True,,0.9995463415050573
ml\outputs\calibration\sets\frontal\3120_IM-1466-1001.dcm.png,positive,chest_radiograph_frontal,Frontal,3120.0,Degenerative/Bone,True,,0.9999978254720602
ml\outputs\calibration\sets\frontal\1927_IM-0600-1001.dcm.png,positive,chest_radiograph_frontal,Frontal,1927.0,Granuloma,True,,0.9999684283159395
ml\outputs\calibration\sets\frontal\1894_IM-0581-1001.dcm.png,positive,chest_radiograph_frontal,Frontal,1894.0,Lung Opacity,True,,0.9999993940943487
ml\outputs\calibration\sets\frontal\2616_IM-1106-1001.dcm.png,positive,chest_radiograph_frontal,Frontal,2616.0,Hernia/Diaphragm,True,,0.999884430336013
ml\outputs\calibration\sets\frontal\2487_IM-1014-1001.dcm.png,positive,chest_radiograph_frontal,Frontal,2487.0,Normal,True,,0.999996204116873
ml\outputs\calibration\sets\frontal\691_IM-2258-1001.dcm.png,positive,chest_radiograph_frontal,Frontal,691.0,Normal,True,,0.9999432434364887
ml\outputs\calibration\sets\frontal\2383_IM-0941-1001.dcm.png,positive,chest_radiograph_frontal,Frontal,2383.0,Cardiomegaly,True,,0.9999772039333041
ml\outputs\calibration\sets\frontal\2143_IM-0765-1001.dcm.png,positive,chest_radiograph_frontal,Frontal,2143.0,Nodule/Mass,True,,0.9999877271913542
ml\outputs\calibration\sets\frontal\2105_IM-0736-1001.dcm.png,positive,chest_radiograph_frontal,Frontal,2105.0,Granuloma,True,,0.9999685744772008
ml\outputs\calibration\sets\frontal\1512_IM-0332-2002.dcm.png,positive,chest_radiograph_frontal,Frontal,1512.0,Normal,True,,0.9999860521505739
ml\outputs\calibration\sets\frontal\1781_IM-0509-1001.dcm.png,positive,chest_radiograph_frontal,Frontal,1781.0,Other Abnormality,True,,0.9995617477157488
ml\outputs\calibration\sets\frontal\338_IM-1628-1001.dcm.png,positive,chest_radiograph_frontal,Frontal,338.0,Normal,True,,0.9999092484041681
ml\outputs\calibration\sets\frontal\272_IM-1182-1001.dcm.png,positive,chest_radiograph_frontal,Frontal,272.0,Normal,True,,0.9972223771913776
ml\outputs\calibration\sets\frontal\3327_IM-1593-2001.dcm.png,positive,chest_radiograph_frontal,Frontal,3327.0,Calcinosis/Atherosclerosis,True,,0.9999871970045856
ml\outputs\calibration\sets\frontal\1205_IM-0138-1001.dcm.png,positive,chest_radiograph_frontal,Frontal,1205.0,Normal,True,,0.9999150569941528
ml\outputs\calibration\sets\frontal\450_IM-2082-1001.dcm.png,positive,chest_radiograph_frontal,Frontal,450.0,Normal,True,,0.9999973787777
ml\outputs\calibration\sets\frontal\3320_IM-1588-1001.dcm.png,positive,chest_radiograph_frontal,Frontal,3320.0,Normal,True,,0.9995001206307219
ml\outputs\calibration\sets\frontal\1950_IM-0618-1001.dcm.png,positive,chest_radiograph_frontal,Frontal,1950.0,Normal,True,,0.9999601145707044
ml\outputs\calibration\sets\frontal\2685_IM-1158-1001.dcm.png,positive,chest_radiograph_frontal,Frontal,2685.0,Hernia/Diaphragm,True,,0.9999907444802925
ml\outputs\calibration\sets\frontal\2750_IM-1200-1001.dcm.png,positive,chest_radiograph_frontal,Frontal,2750.0,Lung Opacity,True,,0.9999686263021516
ml\outputs\calibration\sets\frontal\3785_IM-1898-2001.dcm.png,positive,chest_radiograph_frontal,Frontal,3785.0,Lung Opacity,True,,0.9999854996993673
ml\outputs\calibration\sets\frontal\1814_IM-0527-1001.dcm.png,positive,chest_radiograph_frontal,Frontal,1814.0,Normal,True,,0.9999929787120123
ml\outputs\calibration\sets\frontal\24_IM-0949-1001.dcm.png,positive,chest_radiograph_frontal,Frontal,24.0,Normal,True,,0.9995326794655842
ml\outputs\calibration\sets\frontal\3582_IM-1761-1001.dcm.png,positive,chest_radiograph_frontal,Frontal,3582.0,Normal,True,,0.9999986873899734
ml\outputs\calibration\sets\frontal\2600_IM-1091-1001.dcm.png,positive,chest_radiograph_frontal,Frontal,2600.0,Support Devices,True,,0.9999689094492802
ml\outputs\calibration\sets\frontal\3934_IM-2005-0001.dcm.png,positive,chest_radiograph_frontal,Frontal,3934.0,Fibrosis/Interstitial,True,,0.9999988788982216
ml\outputs\calibration\sets\frontal\3040_IM-1414-12012.dcm.png,positive,chest_radiograph_frontal,Frontal,3040.0,Support Devices,True,,0.9999528435411156
ml\outputs\calibration\sets\frontal\3233_IM-1530-1001.dcm.png,positive,chest_radiograph_frontal,Frontal,3233.0,Emphysema/COPD,True,,0.9996845243305224
ml\outputs\calibration\sets\frontal\2115_IM-0744-1001.dcm.png,positive,chest_radiograph_frontal,Frontal,2115.0,Normal,True,,0.6544142089498735
ml\outputs\calibration\sets\frontal\3840_IM-1941-2001.dcm.png,positive,chest_radiograph_frontal,Frontal,3840.0,Edema/Congestion,True,,0.99612518933687
ml\outputs\calibration\sets\frontal\492_IM-2112-2002.dcm.png,positive,chest_radiograph_frontal,Frontal,492.0,Normal,True,,0.9999577307525999
ml\outputs\calibration\sets\frontal\518_IM-2131-1001.dcm.png,positive,chest_radiograph_frontal,Frontal,518.0,Normal,True,,0.9999869293152811
ml\outputs\calibration\sets\frontal\2038_IM-0682-1001.dcm.png,positive,chest_radiograph_frontal,Frontal,2038.0,Normal,True,,0.9999990094838876
ml\outputs\calibration\sets\frontal\2229_IM-0831-1001.dcm.png,positive,chest_radiograph_frontal,Frontal,2229.0,Support Devices,True,,0.9998523889268826
ml\outputs\calibration\sets\frontal\894_IM-2404-0001-0001.dcm.png,positive,chest_radiograph_frontal,Frontal,894.0,Normal,True,,0.9934167385015367
ml\outputs\calibration\sets\frontal\1462_IM-0299-1001.dcm.png,positive,chest_radiograph_frontal,Frontal,1462.0,Normal,True,,0.9999762218691167
ml\outputs\calibration\sets\frontal\2693_IM-1165-1001.dcm.png,positive,chest_radiograph_frontal,Frontal,2693.0,Other Abnormality,True,,0.9996036952629794
ml\outputs\calibration\sets\frontal\3808_IM-1918-1001.dcm.png,positive,chest_radiograph_frontal,Frontal,3808.0,Calcinosis/Atherosclerosis,True,,0.9999960986163011
ml\outputs\calibration\sets\frontal\2032_IM-0677-1001.dcm.png,positive,chest_radiograph_frontal,Frontal,2032.0,Normal,True,,0.9999994643715067
ml\outputs\calibration\sets\frontal\2652_IM-1136-1001.dcm.png,positive,chest_radiograph_frontal,Frontal,2652.0,Calcinosis/Atherosclerosis,True,,0.9999604909197499
ml\outputs\calibration\sets\frontal\2125_IM-0749-2001.dcm.png,positive,chest_radiograph_frontal,Frontal,2125.0,Lung Opacity,True,,0.8769926276789622
ml\outputs\calibration\sets\frontal\1648_IM-0425-0001-0001.dcm.png,positive,chest_radiograph_frontal,Frontal,1648.0,Other Abnormality,True,,0.9999888713788334
ml\outputs\calibration\sets\frontal\3795_IM-1909-1001.dcm.png,positive,chest_radiograph_frontal,Frontal,3795.0,Degenerative/Bone,True,,0.9997029870313529
ml\outputs\calibration\sets\frontal\2444_IM-0980-1001.dcm.png,positive,chest_radiograph_frontal,Frontal,2444.0,Other Abnormality,True,,0.999996788876383
ml\outputs\calibration\sets\frontal\2354_IM-0918-1001.dcm.png,positive,chest_radiograph_frontal,Frontal,2354.0,Normal,True,,0.9999582292633913
ml\outputs\calibration\sets\frontal\3940_IM-2011-1001.dcm.png,positive,chest_radiograph_frontal,Frontal,3940.0,Scarring,True,,0.9998947675391934
ml\outputs\calibration\sets\frontal\2352_IM-0918-1002.dcm.png,positive,chest_radiograph_frontal,Frontal,2352.0,Emphysema/COPD,True,,0.9999951664743241
ml\outputs\calibration\sets\frontal\536_IM-2143-1001.dcm.png,positive,chest_radiograph_frontal,Frontal,536.0,Normal,True,,0.9999204922372531
ml\outputs\calibration\sets\frontal\2065_IM-0701-1001.dcm.png,positive,chest_radiograph_frontal,Frontal,2065.0,Granuloma,True,,0.999955228156307
ml\outputs\calibration\sets\frontal\538_IM-2144-4004.dcm.png,positive,chest_radiograph_frontal,Frontal,538.0,Normal,True,,0.9999924531767835
ml\outputs\calibration\sets\frontal\1933_IM-0604-1001.dcm.png,positive,chest_radiograph_frontal,Frontal,1933.0,Other Abnormality,True,,0.9995933838493107
ml\outputs\calibration\sets\frontal\135_IM-0227-1001.dcm.png,positive,chest_radiograph_frontal,Frontal,135.0,Normal,True,,0.9999931522503067
ml\outputs\calibration\sets\frontal\2190_IM-0800-3001.dcm.png,positive,chest_radiograph_frontal,Frontal,2190.0,Support Devices,True,,0.999985864641597
ml\outputs\calibration\sets\frontal\2709_IM-1175-1001.dcm.png,positive,chest_radiograph_frontal,Frontal,2709.0,Lung Opacity,True,,0.9999956192978292
ml\outputs\calibration\sets\frontal\2483_IM-1012-1001.dcm.png,positive,chest_radiograph_frontal,Frontal,2483.0,Support Devices,True,,0.9998245419381278
ml\outputs\calibration\sets\frontal\3360_IM-1613-1001.dcm.png,positive,chest_radiograph_frontal,Frontal,3360.0,Scarring,True,,0.9999813283661527
ml\outputs\calibration\sets\frontal\2934_IM-1337-1001.dcm.png,positive,chest_radiograph_frontal,Frontal,2934.0,Emphysema/COPD,True,,0.9999977388069325
ml\outputs\calibration\sets\frontal\3752_IM-1876-6001.dcm.png,positive,chest_radiograph_frontal,Frontal,3752.0,Cardiomegaly,True,,0.9995645320329213
ml\outputs\calibration\sets\frontal\1560_IM-0366-1001.dcm.png,positive,chest_radiograph_frontal,Frontal,1560.0,Normal,True,,0.9999721444201198
ml\outputs\calibration\sets\frontal\3626_IM-1794-1001.dcm.png,positive,chest_radiograph_frontal,Frontal,3626.0,Pleural Effusion,True,,0.999997464837024
ml\outputs\calibration\sets\frontal\2206_IM-0815-2001.dcm.png,positive,chest_radiograph_frontal,Frontal,2206.0,Atelectasis,True,,0.9999812609571209
ml\outputs\calibration\sets\frontal\3491_IM-1698-1001.dcm.png,positive,chest_radiograph_frontal,Frontal,3491.0,Calcinosis/Atherosclerosis,True,,0.999993243138279
ml\outputs\calibration\sets\frontal\3014_IM-1392-1001.dcm.png,positive,chest_radiograph_frontal,Frontal,3014.0,Atelectasis,True,,0.9999730379368044
ml\outputs\calibration\sets\frontal\2072_IM-0706-1001.dcm.png,positive,chest_radiograph_frontal,Frontal,2072.0,Granuloma,True,,0.9999151366865503
ml\outputs\calibration\sets\frontal\3905_IM-1984-1001.dcm.png,positive,chest_radiograph_frontal,Frontal,3905.0,Cardiomegaly,True,,0.9999973543131798
ml\outputs\calibration\sets\frontal\2507_IM-1030-3001.dcm.png,positive,chest_radiograph_frontal,Frontal,2507.0,Scarring,True,,0.9999981235802191
ml\outputs\calibration\sets\frontal\3208_IM-1515-1001.dcm.png,positive,chest_radiograph_frontal,Frontal,3208.0,Normal,True,,0.9999583469787722
ml\outputs\calibration\sets\frontal\3882_IM-1970-1001.dcm.png,positive,chest_radiograph_frontal,Frontal,3882.0,Hernia/Diaphragm,True,,0.9988534736045623
ml\outputs\calibration\sets\frontal\1813_IM-0526-1001.dcm.png,positive,chest_radiograph_frontal,Frontal,1813.0,Normal,True,,0.9999228191299684
ml\outputs\calibration\sets\frontal\3141_IM-1477-1001.dcm.png,positive,chest_radiograph_frontal,Frontal,3141.0,Normal,True,,0.9997681173805112
ml\outputs\calibration\sets\frontal\3999_IM-2049-1001.dcm.png,positive,chest_radiograph_frontal,Frontal,3999.0,Normal,True,,0.9999212353183667
ml\outputs\calibration\sets\frontal\16_IM-0389-1001.dcm.png,positive,chest_radiograph_frontal,Frontal,16.0,Normal,True,,0.9981578715510695
ml\outputs\calibration\sets\frontal\3412_IM-1650-1001-0001.dcm.png,positive,chest_radiograph_frontal,Frontal,3412.0,Other Abnormality,True,,0.999998908070734
ml\outputs\calibration\sets\frontal\2798_IM-1230-3001.dcm.png,positive,chest_radiograph_frontal,Frontal,2798.0,Degenerative/Bone,True,,0.9999972378785075
ml\outputs\calibration\sets\frontal\3572_IM-1755-84853001.dcm.png,positive,chest_radiograph_frontal,Frontal,3572.0,Other Abnormality,True,,0.999987737856087
ml\outputs\calibration\sets\frontal\3545_IM-1737-2002.dcm.png,positive,chest_radiograph_frontal,Frontal,3545.0,Calcinosis/Atherosclerosis,True,,0.9999365973148028
ml\outputs\calibration\sets\frontal\3190_IM-1505-1001.dcm.png,positive,chest_radiograph_frontal,Frontal,3190.0,Atelectasis,True,,0.9999998422919973
ml\outputs\calibration\sets\frontal\3435_IM-1662-1001.dcm.png,positive,chest_radiograph_frontal,Frontal,3435.0,Cardiomegaly,True,,0.999991313184444
ml\outputs\calibration\sets\frontal\2760_IM-1207-1001.dcm.png,positive,chest_radiograph_frontal,Frontal,2760.0,Scarring,True,,0.9993467428345031
ml\outputs\calibration\sets\frontal\3481_IM-1692-1001.dcm.png,positive,chest_radiograph_frontal,Frontal,3481.0,Other Abnormality,True,,0.9999903830688355
ml\outputs\calibration\sets\frontal\1712_IM-0470-3001.dcm.png,positive,chest_radiograph_frontal,Frontal,1712.0,Other Abnormality,True,,0.99998246391368
ml\outputs\calibration\sets\frontal\1876_IM-0567-1001.dcm.png,positive,chest_radiograph_frontal,Frontal,1876.0,Emphysema/COPD,True,,0.9999925273562901
ml\outputs\calibration\sets\frontal\3149_IM-1480-1001.dcm.png,positive,chest_radiograph_frontal,Frontal,3149.0,Other Abnormality,True,,0.9999992318790885
ml\outputs\calibration\sets\frontal\2373_IM-0934-1001.dcm.png,positive,chest_radiograph_frontal,Frontal,2373.0,Emphysema/COPD,True,,0.9999944242204265
ml\outputs\calibration\sets\frontal\3725_IM-1861-1001.dcm.png,positive,chest_radiograph_frontal,Frontal,3725.0,Granuloma,True,,0.999998220665057
ml\outputs\calibration\sets\frontal\2436_IM-0976-1001.dcm.png,positive,chest_radiograph_frontal,Frontal,2436.0,Normal,True,,0.9999714711151799
ml\outputs\calibration\sets\frontal\1828_IM-0536-1001.dcm.png,positive,chest_radiograph_frontal,Frontal,1828.0,Normal,True,,0.9988914055645541
ml\outputs\calibration\sets\frontal\3091_IM-1445-1001.dcm.png,positive,chest_radiograph_frontal,Frontal,3091.0,Cardiomegaly,True,,0.999920753098039
ml\outputs\calibration\sets\frontal\3818_IM-1925-1001.dcm.png,positive,chest_radiograph_frontal,Frontal,3818.0,Normal,True,,0.999902110053112
ml\outputs\calibration\sets\frontal\2144_IM-0765-1001.dcm.png,positive,chest_radiograph_frontal,Frontal,2144.0,Calcinosis/Atherosclerosis,True,,0.99880735904688
ml\outputs\calibration\sets\frontal\2254_IM-0846-1001.dcm.png,positive,chest_radiograph_frontal,Frontal,2254.0,Support Devices,True,,0.9998977825193183
ml\outputs\calibration\sets\frontal\2880_IM-1284-1001.dcm.png,positive,chest_radiograph_frontal,Frontal,2880.0,Normal,True,,0.9999728396872433
ml\outputs\calibration\sets\frontal\2236_IM-0833-1001.dcm.png,positive,chest_radiograph_frontal,Frontal,2236.0,Normal,True,,0.9999324245779044
ml\outputs\calibration\sets\frontal\3514_IM-1715-2001.dcm.png,positive,chest_radiograph_frontal,Frontal,3514.0,Lung Opacity,True,,0.9999281260971349
ml\outputs\calibration\sets\frontal\3202_IM-1513-1001.dcm.png,positive,chest_radiograph_frontal,Frontal,3202.0,Degenerative/Bone,True,,0.9999906389788985
ml\outputs\calibration\sets\frontal\3980_IM-2039-1001.dcm.png,positive,chest_radiograph_frontal,Frontal,3980.0,Hernia/Diaphragm,True,,0.9993913718184354
ml\outputs\calibration\sets\frontal\3078_IM-1438-1001.dcm.png,positive,chest_radiograph_frontal,Frontal,3078.0,Pneumonia,True,,0.9999966924708438
ml\outputs\calibration\sets\frontal\2070_IM-0704-1001.dcm.png,positive,chest_radiograph_frontal,Frontal,2070.0,Other Abnormality,True,,0.9998615145835644
ml\outputs\calibration\sets\frontal\2034_IM-0679-2001.dcm.png,positive,chest_radiograph_frontal,Frontal,2034.0,Emphysema/COPD,True,,0.9999982075644941
ml\outputs\calibration\sets\frontal\3869_IM-1962-1001.dcm.png,positive,chest_radiograph_frontal,Frontal,3869.0,Cardiomegaly,True,,0.9998545404656229
ml\outputs\calibration\sets\frontal\3758_IM-1882-1001.dcm.png,positive,chest_radiograph_frontal,Frontal,3758.0,Support Devices,True,,0.9999976592582535
ml\outputs\calibration\sets\frontal\2264_IM-0854-1001.dcm.png,positive,chest_radiograph_frontal,Frontal,2264.0,Other Abnormality,True,,0.9998601514746557
ml\outputs\calibration\sets\frontal\941_IM-2438-1001.dcm.png,positive,chest_radiograph_frontal,Frontal,941.0,Normal,True,,0.9999984059712138
ml\outputs\calibration\sets\frontal\2927_IM-1329-1001.dcm.png,positive,chest_radiograph_frontal,Frontal,2927.0,Calcinosis/Atherosclerosis,True,,0.9999948342494149
ml\outputs\calibration\sets\frontal\470_IM-2099-3001.dcm.png,positive,chest_radiograph_frontal,Frontal,470.0,Normal,True,,0.9998526570247243
ml\outputs\calibration\sets\frontal\2283_IM-0870-1001.dcm.png,positive,chest_radiograph_frontal,Frontal,2283.0,Other Abnormality,True,,0.99996123680737
ml\outputs\calibration\sets\frontal\1706_IM-0466-1001.dcm.png,positive,chest_radiograph_frontal,Frontal,1706.0,Other Abnormality,True,,0.9995311090858789
ml\outputs\calibration\sets\frontal\1046_IM-0036-1001.dcm.png,positive,chest_radiograph_frontal,Frontal,1046.0,Normal,True,,0.9994769709660918
ml\outputs\calibration\sets\frontal\2441_IM-0978-1001.dcm.png,positive,chest_radiograph_frontal,Frontal,2441.0,Degenerative/Bone,True,,0.9999777526935385
ml\outputs\calibration\sets\frontal\1969_IM-0630-1001.dcm.png,positive,chest_radiograph_frontal,Frontal,1969.0,Normal,True,,0.9997688867685682
ml\outputs\calibration\sets\frontal\241_IM-0955-1001.dcm.png,positive,chest_radiograph_frontal,Frontal,241.0,Normal,True,,0.9999868740479381
ml\outputs\calibration\sets\frontal\602_IM-2192-1001.dcm.png,positive,chest_radiograph_frontal,Frontal,602.0,Normal,True,,0.9999587635088593
ml\outputs\calibration\sets\frontal\2601_IM-1092-4001.dcm.png,positive,chest_radiograph_frontal,Frontal,2601.0,Normal,True,,0.9999941776013018
ml\outputs\calibration\sets\frontal\363_IM-1798-4004.dcm.png,positive,chest_radiograph_frontal,Frontal,363.0,Normal,True,,0.9999985957863161
ml\outputs\calibration\sets\frontal\3534_IM-1727-1001.dcm.png,positive,chest_radiograph_frontal,Frontal,3534.0,Other Abnormality,True,,0.9999920584640904
ml\outputs\calibration\sets\frontal\3216_IM-1520-1001.dcm.png,positive,chest_radiograph_frontal,Frontal,3216.0,Normal,True,,0.9999961292284523
ml\outputs\calibration\sets\frontal\2012_IM-0662-3001.dcm.png,positive,chest_radiograph_frontal,Frontal,2012.0,Normal,True,,0.9991857283971456
ml\outputs\calibration\sets\frontal\3927_IM-2000-1001.dcm.png,positive,chest_radiograph_frontal,Frontal,3927.0,Support Devices,True,,0.9996664992697263
ml\outputs\calibration\sets\frontal\3462_IM-1683-1001.dcm.png,positive,chest_radiograph_frontal,Frontal,3462.0,Support Devices,True,,0.9999952550906707
ml\outputs\calibration\sets\frontal\3303_IM-1580-3001.dcm.png,positive,chest_radiograph_frontal,Frontal,3303.0,Lung Opacity,True,,0.9999991490049062
ml\outputs\calibration\sets\frontal\3862_IM-1956-2001.dcm.png,positive,chest_radiograph_frontal,Frontal,3862.0,Other Abnormality,True,,0.9999279120864781
ml\outputs\calibration\sets\frontal\3630_IM-1798-4004.dcm.png,positive,chest_radiograph_frontal,Frontal,3630.0,Calcinosis/Atherosclerosis,True,,0.999758544806658
ml\outputs\calibration\sets\frontal\3668_IM-1825-1001.dcm.png,positive,chest_radiograph_frontal,Frontal,3668.0,Lung Opacity,True,,0.9999998947203936
ml\outputs\calibration\sets\frontal\2646_IM-1131-1001.dcm.png,positive,chest_radiograph_frontal,Frontal,2646.0,Degenerative/Bone,True,,0.9999966044677209
ml\outputs\calibration\sets\frontal\3469_IM-1685-1001.dcm.png,positive,chest_radiograph_frontal,Frontal,3469.0,Scarring,True,,0.9999976618385029
ml\outputs\calibration\sets\frontal\3789_IM-1902-1001.dcm.png,positive,chest_radiograph_frontal,Frontal,3789.0,Cardiomegaly,True,,0.9996304863005495
ml\outputs\calibration\sets\frontal\3383_IM-1630-1001.dcm.png,positive,chest_radiograph_frontal,Frontal,3383.0,Granuloma,True,,0.9997937402429126
ml\outputs\calibration\sets\frontal\3672_IM-1828-1001.dcm.png,positive,chest_radiograph_frontal,Frontal,3672.0,Edema/Congestion,True,,0.9999797653582473
ml\outputs\calibration\sets\frontal\502_IM-2120-1001.dcm.png,positive,chest_radiograph_frontal,Frontal,502.0,Normal,True,,0.9999359105797057
ml\outputs\calibration\sets\frontal\3727_IM-1863-1001.dcm.png,positive,chest_radiograph_frontal,Frontal,3727.0,Support Devices,True,,0.9996767877929241
ml\outputs\calibration\sets\frontal\799_IM-2333-1001.dcm.png,positive,chest_radiograph_frontal,Frontal,799.0,Normal,True,,0.9981286253728716
ml\outputs\calibration\sets\frontal\3096_IM-1448-1001.dcm.png,positive,chest_radiograph_frontal,Frontal,3096.0,Nodule/Mass,True,,0.999999838344689
ml\outputs\calibration\sets\frontal\2589_IM-1083-1001.dcm.png,positive,chest_radiograph_frontal,Frontal,2589.0,Cardiomegaly,True,,0.9999915680135961
ml\outputs\calibration\sets\frontal\3241_IM-1534-1001.dcm.png,positive,chest_radiograph_frontal,Frontal,3241.0,Atelectasis,True,,0.9999967024514039
ml\outputs\calibration\sets\frontal\2028_IM-0673-1001.dcm.png,positive,chest_radiograph_frontal,Frontal,2028.0,Normal,True,,0.999995591227776
ml\outputs\calibration\sets\frontal\3908_IM-1985-1001.dcm.png,positive,chest_radiograph_frontal,Frontal,3908.0,Degenerative/Bone,True,,0.9999892611573058
ml\outputs\calibration\sets\frontal\2171_IM-0786-1001.dcm.png,positive,chest_radiograph_frontal,Frontal,2171.0,Granuloma,True,,0.9999952934054434
ml\outputs\calibration\sets\frontal\1551_IM-0359-1001.dcm.png,positive,chest_radiograph_frontal,Frontal,1551.0,Normal,True,,0.9999881877471374
ml\outputs\calibration\sets\frontal\2704_IM-1171-1001.dcm.png,positive,chest_radiograph_frontal,Frontal,2704.0,Scarring,True,,0.9964938686993129
ml\outputs\calibration\sets\frontal\3240_IM-1534-1001.dcm.png,positive,chest_radiograph_frontal,Frontal,3240.0,Emphysema/COPD,True,,0.9999135580178157
ml\outputs\calibration\sets\frontal\965_IM-2455-1001.dcm.png,positive,chest_radiograph_frontal,Frontal,965.0,Normal,True,,0.9999902412693228
ml\outputs\calibration\sets\frontal\2351_IM-0917-1001.dcm.png,positive,chest_radiograph_frontal,Frontal,2351.0,Calcinosis/Atherosclerosis,True,,0.9999942343182607
ml\outputs\calibration\sets\frontal\2826_IM-1246-1001.dcm.png,positive,chest_radiograph_frontal,Frontal,2826.0,Fibrosis/Interstitial,True,,0.999993403469654
ml\outputs\calibration\sets\frontal\2681_IM-1154-1001.dcm.png,positive,chest_radiograph_frontal,Frontal,2681.0,Support Devices,True,,0.9999972455509629
ml\outputs\calibration\sets\frontal\3992_IM-2044-1001.dcm.png,positive,chest_radiograph_frontal,Frontal,3992.0,Edema/Congestion,True,,0.999975026949384
ml\outputs\calibration\sets\frontal\2179_IM-0791-1001.dcm.png,positive,chest_radiograph_frontal,Frontal,2179.0,Other Abnormality,True,,0.9998975242616164
ml\outputs\calibration\sets\frontal\2209_IM-0816-1001.dcm.png,positive,chest_radiograph_frontal,Frontal,2209.0,Emphysema/COPD,True,,0.9999915776477095
ml\outputs\calibration\sets\frontal\1896_IM-0581-1001.dcm.png,positive,chest_radiograph_frontal,Frontal,1896.0,Normal,True,,0.9999972286801847
ml\outputs\calibration\sets\frontal\2172_IM-0786-1001.dcm.png,positive,chest_radiograph_frontal,Frontal,2172.0,Nodule/Mass,True,,0.9999990312014775
ml\outputs\calibration\sets\frontal\2716_IM-1181-1001.dcm.png,positive,chest_radiograph_frontal,Frontal,2716.0,Pleural Effusion,True,,0.9996111587496789
ml\outputs\calibration\sets\frontal\2752_IM-1202-0001-0001.dcm.png,positive,chest_radiograph_frontal,Frontal,2752.0,Edema/Congestion,True,,0.9989393616553315
ml\outputs\calibration\sets\frontal\3455_IM-1677-1001.dcm.png,positive,chest_radiograph_frontal,Frontal,3455.0,Edema/Congestion,True,,0.999948125549553
ml\outputs\calibration\sets\frontal\1218_IM-0146-1001.dcm.png,positive,chest_radiograph_frontal,Frontal,1218.0,Normal,True,,0.9999877670909627
ml\outputs\calibration\sets\frontal\3256_IM-1543-1001.dcm.png,positive,chest_radiograph_frontal,Frontal,3256.0,Pleural Effusion,True,,0.9987503555475707
ml\outputs\calibration\sets\frontal\3001_IM-1387-3001.dcm.png,positive,chest_radiograph_frontal,Frontal,3001.0,Other Abnormality,True,,0.9999965250816211
ml\outputs\calibration\sets\frontal\3516_IM-1715-1001.dcm.png,positive,chest_radiograph_frontal,Frontal,3516.0,Other Abnormality,True,,0.9999899411763561
ml\outputs\calibration\sets\frontal\2852_IM-1261-3001.dcm.png,positive,chest_radiograph_frontal,Frontal,2852.0,Normal,True,,0.999901798955769
ml\outputs\calibration\sets\frontal\2982_IM-1371-1001.dcm.png,positive,chest_radiograph_frontal,Frontal,2982.0,Scarring,True,,0.9995932889352335
ml\outputs\calibration\sets\frontal\2946_IM-1346-1001.dcm.png,positive,chest_radiograph_frontal,Frontal,2946.0,Other Abnormality,True,,0.9999056138916935
ml\outputs\calibration\sets\lateral\2553_IM-1059-2001.dcm.png,positive,chest_radiograph_lateral,Lateral,2553.0,Granuloma,True,,0.9999632211366125
ml\outputs\calibration\sets\lateral\2066_IM-0701-2001.dcm.png,positive,chest_radiograph_lateral,Lateral,2066.0,Atelectasis,True,,0.9994754182869104
ml\outputs\calibration\sets\lateral\2186_IM-0796-3003.dcm.png,positive,chest_radiograph_lateral,Lateral,2186.0,Other Abnormality,True,,0.9999146029144503
ml\outputs\calibration\sets\lateral\326_IM-1546-12012.dcm.png,positive,chest_radiograph_lateral,Lateral,326.0,Normal,True,,0.9999784828707464
ml\outputs\calibration\sets\lateral\2479_IM-1007-2001.dcm.png,positive,chest_radiograph_lateral,Lateral,2479.0,Support Devices,True,,0.04727872180685744
ml\outputs\calibration\sets\lateral\1706_IM-0466-1002.dcm.png,positive,chest_radiograph_lateral,Lateral,1706.0,Other Abnormality,True,,0.9997287471193901
ml\outputs\calibration\sets\lateral\2628_IM-1115-2001.dcm.png,positive,chest_radiograph_lateral,Lateral,2628.0,Scarring,True,,0.9996427979014082
ml\outputs\calibration\sets\lateral\1587_IM-0381-1003002.dcm.png,positive,chest_radiograph_lateral,Lateral,1587.0,Normal,True,,0.9972796928619714
ml\outputs\calibration\sets\lateral\2688_IM-1159-2001.dcm.png,positive,chest_radiograph_lateral,Lateral,2688.0,Cardiomegaly,True,,0.48991699021551993
ml\outputs\calibration\sets\lateral\2927_IM-1329-2001.dcm.png,positive,chest_radiograph_lateral,Lateral,2927.0,Calcinosis/Atherosclerosis,True,,0.9999675096606939
ml\outputs\calibration\sets\lateral\2283_IM-0870-2001.dcm.png,positive,chest_radiograph_lateral,Lateral,2283.0,Other Abnormality,True,,0.9977061199441969
ml\outputs\calibration\sets\lateral\2086_IM-0717-2001.dcm.png,positive,chest_radiograph_lateral,Lateral,2086.0,Normal,True,,0.9999694053305791
ml\outputs\calibration\sets\lateral\3327_IM-1593-1001.dcm.png,positive,chest_radiograph_lateral,Lateral,3327.0,Calcinosis/Atherosclerosis,True,,0.9208972568270384
ml\outputs\calibration\sets\lateral\3594_IM-1772-1002.dcm.png,positive,chest_radiograph_lateral,Lateral,3594.0,Normal,True,,0.9996391805317423
ml\outputs\calibration\sets\lateral\3773_IM-1891-2001.dcm.png,positive,chest_radiograph_lateral,Lateral,3773.0,Normal,True,,0.9994264368532422
ml\outputs\calibration\sets\lateral\1330_IM-0213-2001.dcm.png,positive,chest_radiograph_lateral,Lateral,1330.0,Normal,True,,0.9999546587839873
ml\outputs\calibration\sets\lateral\1676_IM-0445-1002.dcm.png,positive,chest_radiograph_lateral,Lateral,1676.0,Emphysema/COPD,True,,0.999673789564668
ml\outputs\calibration\sets\lateral\3614_IM-1787-2001.dcm.png,positive,chest_radiograph_lateral,Lateral,3614.0,Edema/Congestion,True,,0.8375479918642551
ml\outputs\calibration\sets\lateral\3825_IM-1931-2001.dcm.png,positive,chest_radiograph_lateral,Lateral,3825.0,Support Devices,True,,0.9999211618032711
ml\outputs\calibration\sets\lateral\2810_IM-1238-2001.dcm.png,positive,chest_radiograph_lateral,Lateral,2810.0,Other Abnormality,True,,0.9999689068073102
ml\outputs\calibration\sets\lateral\1618_IM-0399-1002.dcm.png,positive,chest_radiograph_lateral,Lateral,1618.0,Normal,True,,0.9999948362815801
ml\outputs\calibration\sets\lateral\3256_IM-1543-2001.dcm.png,positive,chest_radiograph_lateral,Lateral,3256.0,Pleural Effusion,True,,0.9965400116716093
ml\outputs\calibration\sets\lateral\2335_IM-0902-1001.dcm.png,positive,chest_radiograph_lateral,Lateral,2335.0,Degenerative/Bone,True,,0.9998555719735354
ml\outputs\calibration\sets\lateral\3177_IM-1497-2001.dcm.png,positive,chest_radiograph_lateral,Lateral,3177.0,Emphysema/COPD,True,,0.9976568151483785
ml\outputs\calibration\sets\lateral\1545_IM-0355-3003.dcm.png,positive,chest_radiograph_lateral,Lateral,1545.0,Normal,True,,0.9999772986680557
ml\outputs\calibration\sets\lateral\2579_IM-1078-2001.dcm.png,positive,chest_radiograph_lateral,Lateral,2579.0,Normal,True,,0.9997903438361337
ml\outputs\calibration\sets\lateral\696_IM-2261-1001-0001.dcm.png,positive,chest_radiograph_lateral,Lateral,696.0,Normal,True,,0.9813783693388904
ml\outputs\calibration\sets\lateral\3518_IM-1717-2001.dcm.png,positive,chest_radiograph_lateral,Lateral,3518.0,Degenerative/Bone,True,,0.9999898748051212
ml\outputs\calibration\sets\lateral\3815_IM-1924-2001.dcm.png,positive,chest_radiograph_lateral,Lateral,3815.0,Lung Opacity,True,,0.9999688460371261
ml\outputs\calibration\sets\lateral\2436_IM-0976-2001.dcm.png,positive,chest_radiograph_lateral,Lateral,2436.0,Normal,True,,0.9946769159131692
ml\outputs\calibration\sets\lateral\1709_IM-0467-2001.dcm.png,positive,chest_radiograph_lateral,Lateral,1709.0,Lung Opacity,True,,0.9999288439577068
ml\outputs\calibration\sets\lateral\3149_IM-1480-2001.dcm.png,positive,chest_radiograph_lateral,Lateral,3149.0,Other Abnormality,True,,0.9999895556327877
ml\outputs\calibration\sets\lateral\2496_IM-1022-2001.dcm.png,positive,chest_radiograph_lateral,Lateral,2496.0,Cardiomegaly,True,,0.9484535570693082
ml\outputs\calibration\sets\lateral\536_IM-2143-2001.dcm.png,positive,chest_radiograph_lateral,Lateral,536.0,Normal,True,,0.9997792927428126
ml\outputs\calibration\sets\lateral\3118_IM-1466-2001.dcm.png,positive,chest_radiograph_lateral,Lateral,3118.0,Granuloma,True,,0.9999610762134657
ml\outputs\calibration\sets\lateral\3000_IM-1386-0001-0002.dcm.png,positive,chest_radiograph_lateral,Lateral,3000.0,Nodule/Mass,True,,0.9999339963436417
ml\outputs\calibration\sets\lateral\3269_IM-1552-1002.dcm.png,positive,chest_radiograph_lateral,Lateral,3269.0,Normal,True,,0.9998726601573407
ml\outputs\calibration\sets\lateral\2671_IM-1148-1001-0001.dcm.png,positive,chest_radiograph_lateral,Lateral,2671.0,Other Abnormality,True,,0.9966781812095135
ml\outputs\calibration\sets\lateral\2989_IM-1376-1002.dcm.png,positive,chest_radiograph_lateral,Lateral,2989.0,Support Devices,True,,0.9997312882830441
ml\outputs\calibration\sets\lateral\3082_IM-1441-2001.dcm.png,positive,chest_radiograph_lateral,Lateral,3082.0,Edema/Congestion,True,,0.9990079359205948
ml\outputs\calibration\sets\lateral\2531_IM-1045-2001.dcm.png,positive,chest_radiograph_lateral,Lateral,2531.0,Granuloma,True,,0.9957165249083029
ml\outputs\calibration\sets\lateral\2538_IM-1050-1002.dcm.png,positive,chest_radiograph_lateral,Lateral,2538.0,Normal,True,,0.9998025002591386
ml\outputs\calibration\sets\lateral\3423_IM-1656-2001.dcm.png,positive,chest_radiograph_lateral,Lateral,3423.0,Other Abnormality,True,,0.9993445370499799
ml\outputs\calibration\sets\lateral\1851_IM-0553-2001.dcm.png,positive,chest_radiograph_lateral,Lateral,1851.0,Normal,True,,0.9999235586122234
ml\outputs\calibration\sets\lateral\3987_IM-2041-2001.dcm.png,positive,chest_radiograph_lateral,Lateral,3987.0,Degenerative/Bone,True,,0.9995241443991428
ml\outputs\calibration\sets\lateral\881_IM-2396-2001.dcm.png,positive,chest_radiograph_lateral,Lateral,881.0,Normal,True,,0.999968034435728
ml\outputs\calibration\sets\lateral\1356_IM-0231-2001.dcm.png,positive,chest_radiograph_lateral,Lateral,1356.0,Normal,True,,0.9999496999839266
ml\outputs\calibration\sets\lateral\1756_IM-0494-2001.dcm.png,positive,chest_radiograph_lateral,Lateral,1756.0,Normal,True,,0.9997600816645804
ml\outputs\calibration\sets\lateral\3267_IM-1551-2001.dcm.png,positive,chest_radiograph_lateral,Lateral,3267.0,Normal,True,,0.999809925855304
ml\outputs\calibration\sets\lateral\1046_IM-0036-2001.dcm.png,positive,chest_radiograph_lateral,Lateral,1046.0,Normal,True,,0.9990492273546782
ml\outputs\calibration\sets\lateral\2014_IM-0664-2001.dcm.png,positive,chest_radiograph_lateral,Lateral,2014.0,Other Abnormality,True,,0.9987904123026424
ml\outputs\calibration\sets\lateral\865_IM-2385-2001.dcm.png,positive,chest_radiograph_lateral,Lateral,865.0,Normal,True,,0.9993519806606039
ml\outputs\calibration\sets\lateral\2317_IM-0890-2001.dcm.png,positive,chest_radiograph_lateral,Lateral,2317.0,Granuloma,True,,0.9999820139837376
ml\outputs\calibration\sets\lateral\1734_IM-0484-2001.dcm.png,positive,chest_radiograph_lateral,Lateral,1734.0,Normal,True,,0.9986026756664589
ml\outputs\calibration\sets\lateral\2581_IM-1079-2001.dcm.png,positive,chest_radiograph_lateral,Lateral,2581.0,Other Abnormality,True,,0.9317420019809431
ml\outputs\calibration\sets\lateral\3126_IM-1470-2001.dcm.png,positive,chest_radiograph_lateral,Lateral,3126.0,Normal,True,,0.9997521347036483
ml\outputs\calibration\sets\lateral\3393_IM-1637-2001.dcm.png,positive,chest_radiograph_lateral,Lateral,3393.0,Nodule/Mass,True,,0.9996347097933159
ml\outputs\calibration\sets\lateral\2713_IM-1180-2001.dcm.png,positive,chest_radiograph_lateral,Lateral,2713.0,Atelectasis,True,,0.999825180812414
ml\outputs\calibration\sets\lateral\2664_IM-1145-2001.dcm.png,positive,chest_radiograph_lateral,Lateral,2664.0,Atelectasis,True,,0.9998707658019917
ml\outputs\calibration\sets\lateral\3757_IM-1881-2001.dcm.png,positive,chest_radiograph_lateral,Lateral,3757.0,Other Abnormality,True,,0.9997931868571325
ml\outputs\calibration\sets\lateral\2134_IM-0756-2001.dcm.png,positive,chest_radiograph_lateral,Lateral,2134.0,Other Abnormality,True,,0.9996569572776293
ml\outputs\calibration\sets\lateral\3094_IM-1447-3001.dcm.png,positive,chest_radiograph_lateral,Lateral,3094.0,Other Abnormality,True,,0.9999415786128352
ml\outputs\calibration\sets\lateral\3627_IM-1795-2001.dcm.png,positive,chest_radiograph_lateral,Lateral,3627.0,Atelectasis,True,,0.9935558090895124
ml\outputs\calibration\sets\lateral\2789_IM-1223-9001.dcm.png,positive,chest_radiograph_lateral,Lateral,2789.0,Nodule/Mass,True,,0.9999485523278476
ml\outputs\calibration\sets\lateral\3382_IM-1629-0001-0002.dcm.png,positive,chest_radiograph_lateral,Lateral,3382.0,Pleural Effusion,True,,0.9997290858518489
ml\outputs\calibration\sets\lateral\2481_IM-1010-12012.dcm.png,positive,chest_radiograph_lateral,Lateral,2481.0,Atelectasis,True,,0.9989863969744173
ml\outputs\calibration\sets\lateral\2174_IM-0787-2001.dcm.png,positive,chest_radiograph_lateral,Lateral,2174.0,Normal,True,,0.9984778051565047
ml\outputs\calibration\sets\lateral\2214_IM-0819-1002.dcm.png,positive,chest_radiograph_lateral,Lateral,2214.0,Normal,True,,0.999944883446329
ml\outputs\calibration\sets\lateral\3336_IM-1598-2001.dcm.png,positive,chest_radiograph_lateral,Lateral,3336.0,Degenerative/Bone,True,,0.9996937014527375
ml\outputs\calibration\sets\lateral\3790_IM-1904-0001-0001.dcm.png,positive,chest_radiograph_lateral,Lateral,3790.0,Calcinosis/Atherosclerosis,True,,0.9999625991570013
ml\outputs\calibration\sets\lateral\3089_IM-1444-1002.dcm.png,positive,chest_radiograph_lateral,Lateral,3089.0,Normal,True,,0.9998373450364764
ml\outputs\calibration\sets\lateral\3312_IM-1586-1002.dcm.png,positive,chest_radiograph_lateral,Lateral,3312.0,Pneumonia,True,,0.9997339670065698
ml\outputs\calibration\sets\lateral\2028_IM-0673-1002.dcm.png,positive,chest_radiograph_lateral,Lateral,2028.0,Normal,True,,0.9999719145511603
ml\outputs\calibration\sets\lateral\2793_IM-1226-2001.dcm.png,positive,chest_radiograph_lateral,Lateral,2793.0,Other Abnormality,True,,0.9998245084117853
ml\outputs\calibration\sets\lateral\3251_IM-1541-2001.dcm.png,positive,chest_radiograph_lateral,Lateral,3251.0,Nodule/Mass,True,,0.9998118972305367
ml\outputs\calibration\sets\lateral\941_IM-2438-2001.dcm.png,positive,chest_radiograph_lateral,Lateral,941.0,Normal,True,,0.9999838348527049
ml\outputs\calibration\sets\lateral\2516_IM-1036-2001.dcm.png,positive,chest_radiograph_lateral,Lateral,2516.0,Scarring,True,,0.9988886603904047
ml\outputs\calibration\sets\lateral\470_IM-2099-2001.dcm.png,positive,chest_radiograph_lateral,Lateral,470.0,Normal,True,,0.9998060300929905
ml\outputs\calibration\sets\lateral\3600_IM-1776-1001.dcm.png,positive,chest_radiograph_lateral,Lateral,3600.0,Scarring,True,,0.9999728812484803
ml\outputs\calibration\sets\lateral\3748_IM-1874-2001.dcm.png,positive,chest_radiograph_lateral,Lateral,3748.0,Scarring,True,,0.9992653931564613
ml\outputs\calibration\sets\lateral\2847_IM-1256-3001.dcm.png,positive,chest_radiograph_lateral,Lateral,2847.0,Support Devices,True,,0.9999084780901808
ml\outputs\calibration\sets\lateral\737_IM-2295-2001.dcm.png,positive,chest_radiograph_lateral,Lateral,737.0,Normal,True,,0.9999723268200049
ml\outputs\calibration\sets\lateral\121_IM-0142-2001.dcm.png,positive,chest_radiograph_lateral,Lateral,121.0,Normal,True,,0.9998202236549415
ml\outputs\calibration\sets\lateral\2724_IM-1186-2001.dcm.png,positive,chest_radiograph_lateral,Lateral,2724.0,Other Abnormality,True,,0.9999709903918895
ml\outputs\calibration\sets\lateral\3311_IM-1586-3001.dcm.png,positive,chest_radiograph_lateral,Lateral,3311.0,Normal,True,,0.9987028605528845
ml\outputs\calibration\sets\lateral\2369_IM-0929-2001.dcm.png,positive,chest_radiograph_lateral,Lateral,2369.0,Fibrosis/Interstitial,True,,0.9951379529367409
ml\outputs\calibration\sets\lateral\2482_IM-1011-0001-0001.dcm.png,positive,chest_radiograph_lateral,Lateral,2482.0,Pneumothorax,True,,0.999886197203545
ml\outputs\calibration\sets\lateral\2761_IM-1208-2001.dcm.png,positive,chest_radiograph_lateral,Lateral,2761.0,Fibrosis/Interstitial,True,,0.9978721701010581
ml\outputs\calibration\sets\lateral\2434_IM-0976-1002.dcm.png,positive,chest_radiograph_lateral,Lateral,2434.0,Scarring,True,,0.9999736045000399
ml\outputs\calibration\sets\lateral\3388_IM-1633-1002.dcm.png,positive,chest_radiograph_lateral,Lateral,3388.0,Calcinosis/Atherosclerosis,True,,0.9999707993068926
ml\outputs\calibration\sets\lateral\2440_IM-0978-1001.dcm.png,positive,chest_radiograph_lateral,Lateral,2440.0,Emphysema/COPD,True,,0.9999870429112234
ml\outputs\calibration\sets\lateral\3092_IM-1445-2001.dcm.png,positive,chest_radiograph_lateral,Lateral,3092.0,Degenerative/Bone,True,,0.9996745905569506
ml\outputs\calibration\sets\lateral\2469_IM-0999-3001.dcm.png,positive,chest_radiograph_lateral,Lateral,2469.0,Lung Opacity,True,,0.9999795785927013
ml\outputs\calibration\sets\lateral\1469_IM-0303-2001.dcm.png,positive,chest_radiograph_lateral,Lateral,1469.0,Normal,True,,0.9997129016494235
ml\outputs\calibration\sets\lateral\3999_IM-2049-2001.dcm.png,positive,chest_radiograph_lateral,Lateral,3999.0,Normal,True,,0.4732607199057198
ml\outputs\calibration\sets\lateral\1312_IM-0203-1002.dcm.png,positive,chest_radiograph_lateral,Lateral,1312.0,Normal,True,,0.9969537281102543
ml\outputs\calibration\sets\lateral\2382_IM-0941-1001.dcm.png,positive,chest_radiograph_lateral,Lateral,2382.0,Cardiomegaly,True,,0.44631541195857755
ml\outputs\calibration\sets\lateral\2323_IM-0895-2001.dcm.png,positive,chest_radiograph_lateral,Lateral,2323.0,Normal,True,,0.9996027399216156
ml\outputs\calibration\sets\lateral\1740_IM-0488-2001.dcm.png,positive,chest_radiograph_lateral,Lateral,1740.0,Lung Opacity,True,,0.9758927643110421
ml\outputs\calibration\sets\lateral\1008_IM-0009-2001.dcm.png,positive,chest_radiograph_lateral,Lateral,1008.0,Normal,True,,0.9998369699396469
ml\outputs\calibration\sets\lateral\3940_IM-2011-2001.dcm.png,positive,chest_radiograph_lateral,Lateral,3940.0,Scarring,True,,0.9996075159519103
ml\outputs\calibration\sets\lateral\3628_IM-1796-2001.dcm.png,positive,chest_radiograph_lateral,Lateral,3628.0,Other Abnormality,True,,0.9998954832537228
ml\outputs\calibration\sets\lateral\1067_IM-0048-2001.dcm.png,positive,chest_radiograph_lateral,Lateral,1067.0,Normal,True,,0.9999522121614982
ml\outputs\calibration\sets\lateral\3601_IM-1777-3003.dcm.png,positive,chest_radiograph_lateral,Lateral,3601.0,Hernia/Diaphragm,True,,0.9998063740896554
ml\outputs\calibration\sets\lateral\2426_IM-0968-2001.dcm.png,positive,chest_radiograph_lateral,Lateral,2426.0,Other Abnormality,True,,0.9997148580028915
ml\outputs\calibration\sets\lateral\2631_IM-1118-2001.dcm.png,positive,chest_radiograph_lateral,Lateral,2631.0,Support Devices,True,,0.9873324810427141
ml\outputs\calibration\sets\lateral\2904_IM-1308-3001.dcm.png,positive,chest_radiograph_lateral,Lateral,2904.0,Cardiomegaly,True,,0.9998346807015759
ml\outputs\calibration\sets\lateral\3681_IM-1833-0001-0001.dcm.png,positive,chest_radiograph_lateral,Lateral,3681.0,Other Abnormality,True,,0.13473380651458083
ml\outputs\calibration\sets\lateral\967_IM-2457-3003.dcm.png,positive,chest_radiograph_lateral,Lateral,967.0,Normal,True,,0.9999905784846458
ml\outputs\calibration\sets\lateral\3645_IM-1807-2001.dcm.png,positive,chest_radiograph_lateral,Lateral,3645.0,Other Abnormality,True,,0.9996711022986895
ml\outputs\calibration\sets\lateral\2345_IM-0910-2001.dcm.png,positive,chest_radiograph_lateral,Lateral,2345.0,Other Abnormality,True,,0.9998211472516116
ml\outputs\calibration\sets\lateral\758_IM-2309-2001.dcm.png,positive,chest_radiograph_lateral,Lateral,758.0,Normal,True,,0.9999757253309448
ml\outputs\calibration\sets\lateral\3190_IM-1505-2001.dcm.png,positive,chest_radiograph_lateral,Lateral,3190.0,Atelectasis,True,,0.9997888863849919
ml\outputs\calibration\sets\lateral\2856_IM-1263-2001.dcm.png,positive,chest_radiograph_lateral,Lateral,2856.0,Normal,True,,0.9807932738104526
ml\outputs\calibration\sets\lateral\3441_IM-1666-1002.dcm.png,positive,chest_radiograph_lateral,Lateral,3441.0,Normal,True,,0.9999903829086683
ml\outputs\calibration\sets\lateral\815_IM-2346-1002.dcm.png,positive,chest_radiograph_lateral,Lateral,815.0,Normal,True,,0.9964046201590174
ml\outputs\calibration\sets\lateral\2201_IM-0811-1002.dcm.png,positive,chest_radiograph_lateral,Lateral,2201.0,Granuloma,True,,0.9996119415443783
ml\outputs\calibration\sets\lateral\3412_IM-1650-1001-0002.dcm.png,positive,chest_radiograph_lateral,Lateral,3412.0,Other Abnormality,True,,0.9999326592595941
ml\outputs\calibration\sets\lateral\1645_IM-0422-2001.dcm.png,positive,chest_radiograph_lateral,Lateral,1645.0,Lung Opacity,True,,0.9998799250032384
ml\outputs\calibration\sets\lateral\259_IM-1083-1002.dcm.png,positive,chest_radiograph_lateral,Lateral,259.0,Normal,True,,0.9999619746952008
ml\outputs\calibration\sets\lateral\2406_IM-0954-1002.dcm.png,positive,chest_radiograph_lateral,Lateral,2406.0,Hernia/Diaphragm,True,,0.9999035929635067
ml\outputs\calibration\sets\lateral\2743_IM-1197-1002.dcm.png,positive,chest_radiograph_lateral,Lateral,2743.0,Calcinosis/Atherosclerosis,True,,0.9999806797660663
ml\outputs\calibration\sets\lateral\363_IM-1798-2001.dcm.png,positive,chest_radiograph_lateral,Lateral,363.0,Normal,True,,0.9999071810372613
ml\outputs\calibration\sets\lateral\319_IM-1505-1002.dcm.png,positive,chest_radiograph_lateral,Lateral,319.0,Normal,True,,0.9999537822596468
ml\outputs\calibration\sets\lateral\3608_IM-1781-2001.dcm.png,positive,chest_radiograph_lateral,Lateral,3608.0,Cardiomegaly,True,,0.9996680852991743
ml\outputs\calibration\sets\lateral\3439_IM-1664-2001.dcm.png,positive,chest_radiograph_lateral,Lateral,3439.0,Normal,True,,0.9999488689749189
ml\outputs\calibration\sets\lateral\2210_IM-0817-2001.dcm.png,positive,chest_radiograph_lateral,Lateral,2210.0,Normal,True,,0.9999200045242479
ml\outputs\calibration\sets\lateral\3992_IM-2044-2001.dcm.png,positive,chest_radiograph_lateral,Lateral,3992.0,Edema/Congestion,True,,0.9974984708202836
ml\outputs\calibration\sets\lateral\502_IM-2120-1002.dcm.png,positive,chest_radiograph_lateral,Lateral,502.0,Normal,True,,0.9999929026203026
ml\outputs\calibration\sets\lateral\2264_IM-0854-2001.dcm.png,positive,chest_radiograph_lateral,Lateral,2264.0,Other Abnormality,True,,0.9984078447847363
ml\outputs\calibration\sets\lateral\2420_IM-0964-0001-0002.dcm.png,positive,chest_radiograph_lateral,Lateral,2420.0,Support Devices,True,,0.9999177336883802
ml\outputs\calibration\sets\lateral\3110_IM-1460-1002.dcm.png,positive,chest_radiograph_lateral,Lateral,3110.0,Other Abnormality,True,,0.9997140849366315
ml\outputs\calibration\sets\lateral\2036_IM-0680-1001.dcm.png,positive,chest_radiograph_lateral,Lateral,2036.0,Atelectasis,True,,0.40841695342643275
ml\outputs\calibration\sets\lateral\2859_IM-1266-2001.dcm.png,positive,chest_radiograph_lateral,Lateral,2859.0,Pneumonia,True,,0.9984314828993949
ml\outputs\calibration\sets\lateral\24_IM-0949-2001.dcm.png,positive,chest_radiograph_lateral,Lateral,24.0,Normal,True,,0.9999526863225002
ml\outputs\calibration\sets\lateral\3584_IM-1763-1001-0002.dcm.png,positive,chest_radiograph_lateral,Lateral,3584.0,Atelectasis,True,,0.9565979584569596
ml\outputs\calibration\sets\lateral\2279_IM-0865-3001.dcm.png,positive,chest_radiograph_lateral,Lateral,2279.0,Atelectasis,True,,0.999246901129017
ml\outputs\calibration\sets\lateral\2288_IM-0872-1002.dcm.png,positive,chest_radiograph_lateral,Lateral,2288.0,Normal,True,,0.9998443981116594
ml\outputs\calibration\sets\lateral\3182_IM-1501-0001-0002.dcm.png,positive,chest_radiograph_lateral,Lateral,3182.0,Nodule/Mass,True,,0.9905594788464938
ml\outputs\calibration\sets\lateral\2684_IM-1157-2001.dcm.png,positive,chest_radiograph_lateral,Lateral,2684.0,Calcinosis/Atherosclerosis,True,,0.9995774918037058
ml\outputs\calibration\sets\lateral\3141_IM-1477-2001.dcm.png,positive,chest_radiograph_lateral,Lateral,3141.0,Normal,True,,0.9999686887067352
ml\outputs\calibration\sets\lateral\529_IM-2137-2001.dcm.png,positive,chest_radiograph_lateral,Lateral,529.0,Normal,True,,0.9999571219606502
ml\outputs\calibration\sets\lateral\581_IM-2178-3001.dcm.png,positive,chest_radiograph_lateral,Lateral,581.0,Normal,True,,0.9985400584137506
ml\outputs\calibration\sets\lateral\3408_IM-1648-1002.dcm.png,positive,chest_radiograph_lateral,Lateral,3408.0,Degenerative/Bone,True,,0.999890123257
ml\outputs\calibration\sets\lateral\3533_IM-1726-2001.dcm.png,positive,chest_radiograph_lateral,Lateral,3533.0,Other Abnormality,True,,0.9985309560494527
ml\outputs\calibration\sets\lateral\965_IM-2455-2001.dcm.png,positive,chest_radiograph_lateral,Lateral,965.0,Normal,True,,0.9999804952484983
ml\outputs\calibration\sets\lateral\2627_IM-1114-2001.dcm.png,positive,chest_radiograph_lateral,Lateral,2627.0,Other Abnormality,True,,0.9998237052668687
ml\outputs\calibration\sets\lateral\2138_IM-0760-1002.dcm.png,positive,chest_radiograph_lateral,Lateral,2138.0,Degenerative/Bone,True,,0.9998974960524631
ml\outputs\calibration\sets\lateral\2544_IM-1054-2001.dcm.png,positive,chest_radiograph_lateral,Lateral,2544.0,Cardiomegaly,True,,0.9986384917428683
ml\outputs\calibration\sets\lateral\3740_IM-1868-2001.dcm.png,positive,chest_radiograph_lateral,Lateral,3740.0,Pneumonia,True,,0.9987747167709218
ml\outputs\calibration\sets\lateral\3804_IM-1914-2001.dcm.png,positive,chest_radiograph_lateral,Lateral,3804.0,Calcinosis/Atherosclerosis,True,,0.9986244848380164
ml\outputs\calibration\sets\lateral\1750_IM-0493-2001.dcm.png,positive,chest_radiograph_lateral,Lateral,1750.0,Emphysema/COPD,True,,0.9998170606857746
ml\outputs\calibration\sets\lateral\2058_IM-0696-2002.dcm.png,positive,chest_radiograph_lateral,Lateral,2058.0,Other Abnormality,True,,0.9998826125237967
ml\outputs\calibration\sets\lateral\2738_IM-1192-2001.dcm.png,positive,chest_radiograph_lateral,Lateral,2738.0,Other Abnormality,True,,0.9988315944835365
ml\outputs\calibration\sets\lateral\2212_IM-0819-2001.dcm.png,positive,chest_radiograph_lateral,Lateral,2212.0,Normal,True,,0.9998072217480289
ml\outputs\calibration\sets\lateral\3642_IM-1806-2001.dcm.png,positive,chest_radiograph_lateral,Lateral,3642.0,Other Abnormality,True,,0.8281171566123101
ml\outputs\calibration\sets\lateral\618_IM-2201-2001.dcm.png,positive,chest_radiograph_lateral,Lateral,618.0,Normal,True,,0.9999579313346668
ml\outputs\calibration\sets\lateral\2206_IM-0815-1001.dcm.png,positive,chest_radiograph_lateral,Lateral,2206.0,Atelectasis,True,,0.9999704374645262
ml\outputs\calibration\sets\lateral\630_IM-2211-2001.dcm.png,positive,chest_radiograph_lateral,Lateral,630.0,Normal,True,,0.9996395685497524
ml\outputs\calibration\sets\lateral\2803_IM-1234-2001.dcm.png,positive,chest_radiograph_lateral,Lateral,2803.0,Other Abnormality,True,,0.9998387250545523
ml\outputs\calibration\sets\lateral\149_IM-0315-1002.dcm.png,positive,chest_radiograph_lateral,Lateral,149.0,Normal,True,,0.998474453101181
ml\outputs\calibration\sets\lateral\2137_IM-0759-3003.dcm.png,positive,chest_radiograph_lateral,Lateral,2137.0,Granuloma,True,,0.9999678887101797
ml\outputs\calibration\sets\lateral\1930_IM-0602-1001-0001.dcm.png,positive,chest_radiograph_lateral,Lateral,1930.0,Other Abnormality,True,,0.9984989619135564
ml\outputs\calibration\sets\lateral\3694_IM-1845-2001.dcm.png,positive,chest_radiograph_lateral,Lateral,3694.0,Pneumothorax,True,,0.9999159186538196
ml\outputs\calibration\sets\lateral\2776_IM-1217-2001.dcm.png,positive,chest_radiograph_lateral,Lateral,2776.0,Nodule/Mass,True,,0.9998341502323721
ml\outputs\calibration\sets\lateral\2886_IM-1288-0001-0001.dcm.png,positive,chest_radiograph_lateral,Lateral,2886.0,Pleural Effusion,True,,0.9930151667582839
ml\outputs\calibration\sets\lateral\3121_IM-1466-1002.dcm.png,positive,chest_radiograph_lateral,Lateral,3121.0,Granuloma,True,,0.9999565397524305
ml\outputs\calibration\sets\lateral\2093_IM-0723-2001.dcm.png,positive,chest_radiograph_lateral,Lateral,2093.0,Support Devices,True,,0.9997646181633078
ml\outputs\calibration\sets\lateral\3391_IM-1637-1001.dcm.png,positive,chest_radiograph_lateral,Lateral,3391.0,Granuloma,True,,0.9997713280791092
ml\outputs\calibration\sets\lateral\2811_IM-1238-1001.dcm.png,positive,chest_radiograph_lateral,Lateral,2811.0,Normal,True,,0.9966598798972627
ml\outputs\calibration\sets\lateral\3660_IM-1820-2001.dcm.png,positive,chest_radiograph_lateral,Lateral,3660.0,Normal,True,,0.9999845064870283
ml\outputs\calibration\sets\lateral\3759_IM-1883-2001.dcm.png,positive,chest_radiograph_lateral,Lateral,3759.0,Emphysema/COPD,True,,0.9999853246052075
ml\outputs\calibration\sets\lateral\3808_IM-1918-1002.dcm.png,positive,chest_radiograph_lateral,Lateral,3808.0,Calcinosis/Atherosclerosis,True,,0.9999375445875401
ml\outputs\calibration\sets\lateral\3137_IM-1476-1002.dcm.png,positive,chest_radiograph_lateral,Lateral,3137.0,Calcinosis/Atherosclerosis,True,,0.9997246157612638
ml\outputs\calibration\sets\lateral\1896_IM-0581-2001.dcm.png,positive,chest_radiograph_lateral,Lateral,1896.0,Normal,True,,0.9999358470855669
ml\outputs\calibration\sets\lateral\2032_IM-0677-2002.dcm.png,positive,chest_radiograph_lateral,Lateral,2032.0,Normal,True,,0.9999191476570117
ml\outputs\calibration\sets\lateral\3320_IM-1588-1002.dcm.png,positive,chest_radiograph_lateral,Lateral,3320.0,Normal,True,,0.9982956558637068
ml\outputs\calibration\sets\lateral\16_IM-0389-2001.dcm.png,positive,chest_radiograph_lateral,Lateral,16.0,Normal,True,,0.9997387821424634
ml\outputs\calibration\sets\lateral\3651_IM-1813-2001.dcm.png,positive,chest_radiograph_lateral,Lateral,3651.0,Scarring,True,,0.9999191089982832
ml\outputs\calibration\sets\lateral\3948_IM-2017-1002.dcm.png,positive,chest_radiograph_lateral,Lateral,3948.0,Normal,True,,0.9998858580084408
ml\outputs\calibration\sets\lateral\2906_IM-1310-2001.dcm.png,positive,chest_radiograph_lateral,Lateral,2906.0,Degenerative/Bone,True,,0.9988642027029981
ml\outputs\calibration\sets\lateral\3785_IM-1898-1001.dcm.png,positive,chest_radiograph_lateral,Lateral,3785.0,Lung Opacity,True,,0.9990856951308974
ml\outputs\calibration\sets\lateral\3952_IM-2020-2001.dcm.png,positive,chest_radiograph_lateral,Lateral,3952.0,Cardiomegaly,True,,0.9999735324682468
ml\outputs\calibration\sets\lateral\3068_IM-1431-3001.dcm.png,positive,chest_radiograph_lateral,Lateral,3068.0,Cardiomegaly,True,,0.9980694349129184
ml\outputs\calibration\sets\lateral\3477_IM-1690-2001.dcm.png,positive,chest_radiograph_lateral,Lateral,3477.0,Normal,True,,0.9991794294530922
ml\outputs\calibration\sets\lateral\2281_IM-0868-2001.dcm.png,positive,chest_radiograph_lateral,Lateral,2281.0,Normal,True,,0.9993005183675503
ml\outputs\calibration\sets\lateral\2307_IM-0882-2001.dcm.png,positive,chest_radiograph_lateral,Lateral,2307.0,Emphysema/COPD,True,,0.9997431209401244
ml\outputs\calibration\sets\lateral\2687_IM-1158-2001.dcm.png,positive,chest_radiograph_lateral,Lateral,2687.0,Support Devices,True,,0.9999361249053702
ml\outputs\calibration\sets\lateral\1944_IM-0613-2001.dcm.png,positive,chest_radiograph_lateral,Lateral,1944.0,Calcinosis/Atherosclerosis,True,,0.9999665523393034
ml\outputs\calibration\sets\lateral\3924_IM-1998-2001.dcm.png,positive,chest_radiograph_lateral,Lateral,3924.0,Degenerative/Bone,True,,0.9940720829856109
ml\outputs\calibration\sets\lateral\3429_IM-1657-2001.dcm.png,positive,chest_radiograph_lateral,Lateral,3429.0,Support Devices,True,,0.9999135222145611
ml\outputs\calibration\sets\lateral\3908_IM-1985-2001.dcm.png,positive,chest_radiograph_lateral,Lateral,3908.0,Degenerative/Bone,True,,0.999810592766103
ml\outputs\calibration\sets\lateral\2179_IM-0791-2001.dcm.png,positive,chest_radiograph_lateral,Lateral,2179.0,Other Abnormality,True,,0.9992539148881093
ml\outputs\calibration\sets\lateral\3455_IM-1677-2001.dcm.png,positive,chest_radiograph_lateral,Lateral,3455.0,Edema/Congestion,True,,0.015228400816007613
ml\outputs\calibration\sets\lateral\1883_IM-0572-2001.dcm.png,positive,chest_radiograph_lateral,Lateral,1883.0,Support Devices,True,,0.9709625961422158
ml\outputs\calibration\sets\lateral\1765_IM-0499-1002.dcm.png,positive,chest_radiograph_lateral,Lateral,1765.0,Calcinosis/Atherosclerosis,True,,0.9999780522006099
ml\outputs\calibration\sets\lateral\3072_IM-1433-2001.dcm.png,positive,chest_radiograph_lateral,Lateral,3072.0,Scarring,True,,0.9981374259721697
ml\outputs\calibration\sets\lateral\3273_IM-1554-2001.dcm.png,positive,chest_radiograph_lateral,Lateral,3273.0,Cardiomegaly,True,,0.9560062695783671
ml\outputs\calibration\sets\lateral\3410_IM-1648-2001.dcm.png,positive,chest_radiograph_lateral,Lateral,3410.0,Emphysema/COPD,True,,0.9999413621934113
ml\outputs\calibration\sets\lateral\2620_IM-1109-2001.dcm.png,positive,chest_radiograph_lateral,Lateral,2620.0,Normal,True,,0.9996342746033188
ml\outputs\calibration\sets\lateral\3874_IM-1966-2001.dcm.png,positive,chest_radiograph_lateral,Lateral,3874.0,Calcinosis/Atherosclerosis,True,,0.9995750229990982
ml\outputs\calibration\sets\lateral\2507_IM-1030-2001.dcm.png,positive,chest_radiograph_lateral,Lateral,2507.0,Scarring,True,,0.9998215282205957
ml\outputs\calibration\sets\lateral\1006_IM-0007-3003.dcm.png,positive,chest_radiograph_lateral,Lateral,1006.0,Normal,True,,0.9999400077234407
ml\outputs\calibration\sets\lateral\2867_IM-1274-2001.dcm.png,positive,chest_radiograph_lateral,Lateral,2867.0,Emphysema/COPD,True,,0.999890985616897
ml\outputs\calibration\sets\lateral\505_IM-2123-2001.dcm.png,positive,chest_radiograph_lateral,Lateral,505.0,Normal,True,,0.998581794509966
ml\outputs\calibration\sets\lateral\1178_IM-0121-1002.dcm.png,positive,chest_radiograph_lateral,Lateral,1178.0,Normal,True,,0.9999922117297274
ml\outputs\calibration\sets\lateral\3066_IM-1430-2001.dcm.png,positive,chest_radiograph_lateral,Lateral,3066.0,Emphysema/COPD,True,,0.999798474129832
ml\outputs\calibration\sets\lateral\272_IM-1182-2001.dcm.png,positive,chest_radiograph_lateral,Lateral,272.0,Normal,True,,0.9999522268200812
ml\outputs\calibration\sets\lateral\719_IM-2280-2001.dcm.png,positive,chest_radiograph_lateral,Lateral,719.0,Normal,True,,0.9998495396045394
ml\outputs\calibration\sets\lateral\2216_IM-0821-85075002.dcm.png,positive,chest_radiograph_lateral,Lateral,2216.0,Other Abnormality,True,,0.9999225060737459
ml\outputs\calibration\sets\lateral\428_IM-2070-1002.dcm.png,positive,chest_radiograph_lateral,Lateral,428.0,Normal,True,,0.9999899477292298
ml\outputs\calibration\sets\lateral\2131_IM-0755-2001.dcm.png,positive,chest_radiograph_lateral,Lateral,2131.0,Normal,True,,0.9999135383101869
ml\outputs\calibration\sets\lateral\3078_IM-1438-2001.dcm.png,positive,chest_radiograph_lateral,Lateral,3078.0,Pneumonia,True,,0.9997511189357521
ml\outputs\calibration\sets\lateral\2969_IM-1360-2001.dcm.png,positive,chest_radiograph_lateral,Lateral,2969.0,Emphysema/COPD,True,,0.9999171713023427
ml\outputs\calibration\sets\lateral\3430_IM-1659-1001.dcm.png,positive,chest_radiograph_lateral,Lateral,3430.0,Edema/Congestion,True,,0.9434203916687552
ml\outputs\calibration\sets\lateral\3016_IM-1392-2001.dcm.png,positive,chest_radiograph_lateral,Lateral,3016.0,Degenerative/Bone,True,,0.9999659486210849
ml\outputs\calibration\sets\lateral\3170_IM-1494-1002.dcm.png,positive,chest_radiograph_lateral,Lateral,3170.0,Degenerative/Bone,True,,0.9998916511581634
ml\outputs\calibration\sets\lateral\2070_IM-0704-2001.dcm.png,positive,chest_radiograph_lateral,Lateral,2070.0,Other Abnormality,True,,0.9999571945182147
ml\outputs\calibration\sets\lateral\2128_IM-0752-3003.dcm.png,positive,chest_radiograph_lateral,Lateral,2128.0,Emphysema/COPD,True,,0.9999921970235824
ml\outputs\calibration\sets\lateral\2759_IM-1207-2001.dcm.png,positive,chest_radiograph_lateral,Lateral,2759.0,Other Abnormality,True,,0.9998891848209163
ml\outputs\calibration\sets\lateral\2816_IM-1240-2001.dcm.png,positive,chest_radiograph_lateral,Lateral,2816.0,Granuloma,True,,0.9897052442391884
ml\outputs\calibration\sets\lateral\3169_IM-1492-1001.dcm.png,positive,chest_radiograph_lateral,Lateral,3169.0,Emphysema/COPD,True,,0.9999862805658879
ml\outputs\calibration\sets\lateral\1815_IM-0527-2001.dcm.png,positive,chest_radiograph_lateral,Lateral,1815.0,Other Abnormality,True,,0.9999659766442374
ml\outputs\calibration\sets\lateral\2733_IM-1189-2001.dcm.png,positive,chest_radiograph_lateral,Lateral,2733.0,Lung Opacity,True,,0.9996984448984912
ml\outputs\calibration\sets\lateral\3008_IM-1389-2001.dcm.png,positive,chest_radiograph_lateral,Lateral,3008.0,Normal,True,,0.9999758384171112
ml\outputs\calibration\sets\lateral\1736_IM-0484-2001.dcm.png,positive,chest_radiograph_lateral,Lateral,1736.0,Other Abnormality,True,,0.9998512479697607
ml\outputs\calibration\sets\lateral\2223_IM-0827-2001.dcm.png,positive,chest_radiograph_lateral,Lateral,2223.0,Normal,True,,0.9993522363891522
ml\outputs\calibration\sets\lateral\3934_IM-2005-2001.dcm.png,positive,chest_radiograph_lateral,Lateral,3934.0,Fibrosis/Interstitial,True,,0.9999087121128519
ml\outputs\calibration\sets\lateral\3866_IM-1959-0001-0002.dcm.png,positive,chest_radiograph_lateral,Lateral,3866.0,Pneumonia,True,,0.993066719817159
ml\outputs\calibration\sets\lateral\3831_IM-1934-2001.dcm.png,positive,chest_radiograph_lateral,Lateral,3831.0,Normal,True,,0.9999777135398287
ml\outputs\calibration\sets\lateral\2329_IM-0898-2001.dcm.png,positive,chest_radiograph_lateral,Lateral,2329.0,Normal,True,,0.999546747198231
ml\outputs\calibration\sets\lateral\538_IM-2144-1001.dcm.png,positive,chest_radiograph_lateral,Lateral,538.0,Normal,True,,0.9797689513843298
ml\outputs\calibration\sets\lateral\2444_IM-0980-2001.dcm.png,positive,chest_radiograph_lateral,Lateral,2444.0,Other Abnormality,True,,0.9999772690660098
ml\outputs\calibration\sets\lateral\3386_IM-1633-2001.dcm.png,positive,chest_radiograph_lateral,Lateral,3386.0,Normal,True,,0.9999894237604012
ml\outputs\calibration\sets\lateral\911_IM-2417-1002.dcm.png,positive,chest_radiograph_lateral,Lateral,911.0,Normal,True,,0.99304064401927
ml\outputs\calibration\sets\lateral\3404_IM-1647-2001.dcm.png,positive,chest_radiograph_lateral,Lateral,3404.0,Other Abnormality,True,,0.9993593077123618
ml\outputs\calibration\sets\lateral\3013_IM-1391-0001-0002.dcm.png,positive,chest_radiograph_lateral,Lateral,3013.0,Cardiomegaly,True,,0.9999156529333811
ml\outputs\calibration\sets\lateral\3345_IM-1603-2001.dcm.png,positive,chest_radiograph_lateral,Lateral,3345.0,Normal,True,,0.9998747550261312
ml\outputs\calibration\sets\lateral\3188_IM-1504-2001.dcm.png,positive,chest_radiograph_lateral,Lateral,3188.0,Support Devices,True,,0.9997572437252465
ml\outputs\calibration\sets\lateral\2650_IM-1135-2001.dcm.png,positive,chest_radiograph_lateral,Lateral,2650.0,Cardiomegaly,True,,0.9753054426108525
ml\outputs\calibration\sets\lateral\1971_IM-0633-2001.dcm.png,positive,chest_radiograph_lateral,Lateral,1971.0,Normal,True,,0.9955191089339526
ml\outputs\calibration\sets\lateral\1882_IM-0571-1002.dcm.png,positive,chest_radiograph_lateral,Lateral,1882.0,Normal,True,,0.9999602392325869
ml\outputs\calibration\sets\lateral\3534_IM-1727-2001.dcm.png,positive,chest_radiograph_lateral,Lateral,3534.0,Other Abnormality,True,,0.999776575493704
ml\outputs\calibration\sets\lateral\3155_IM-1486-2001.dcm.png,positive,chest_radiograph_lateral,Lateral,3155.0,Cardiomegaly,True,,0.9996884391417028
ml\outputs\calibration\sets\lateral\3448_IM-1671-2001.dcm.png,positive,chest_radiograph_lateral,Lateral,3448.0,Calcinosis/Atherosclerosis,True,,0.9999851423113432
ml\outputs\calibration\sets\lateral\2749_IM-1199-1002.dcm.png,positive,chest_radiograph_lateral,Lateral,2749.0,Other Abnormality,True,,0.9999351129625195
ml\outputs\calibration\sets\lateral\2073_IM-0707-1002.dcm.png,positive,chest_radiograph_lateral,Lateral,2073.0,Other Abnormality,True,,0.9905264134815727
ml\outputs\calibration\sets\lateral\2255_IM-0847-4001.dcm.png,positive,chest_radiograph_lateral,Lateral,2255.0,Calcinosis/Atherosclerosis,True,,0.999921387345266
ml\outputs\calibration\sets\lateral\2096_IM-0726-2001.dcm.png,positive,chest_radiograph_lateral,Lateral,2096.0,Normal,True,,0.999137391745636
ml\outputs\calibration\sets\lateral\2652_IM-1136-3003.dcm.png,positive,chest_radiograph_lateral,Lateral,2652.0,Calcinosis/Atherosclerosis,True,,0.9999005842799705
ml\outputs\calibration\sets\lateral\1639_IM-0418-5001.dcm.png,positive,chest_radiograph_lateral,Lateral,1639.0,Other Abnormality,True,,0.9954682658948988
ml\outputs\calibration\sets\lateral\2923_IM-1326-3001.dcm.png,positive,chest_radiograph_lateral,Lateral,2923.0,Normal,True,,0.9999620256938588
ml\outputs\calibration\sets\lateral\2486_IM-1014-2001.dcm.png,positive,chest_radiograph_lateral,Lateral,2486.0,Other Abnormality,True,,0.9998957029773646
ml\outputs\calibration\sets\lateral\1051_IM-0039-6001.dcm.png,positive,chest_radiograph_lateral,Lateral,1051.0,Normal,True,,0.9999120813596436
ml\outputs\calibration\sets\lateral\3680_IM-1832-2001.dcm.png,positive,chest_radiograph_lateral,Lateral,3680.0,Atelectasis,True,,0.9999361210727061
ml\outputs\calibration\sets\lateral\3541_IM-1733-0001-0001.dcm.png,positive,chest_radiograph_lateral,Lateral,3541.0,Atelectasis,True,,0.9968849389387916
ml\outputs\calibration\sets\lateral\2961_IM-1355-2001.dcm.png,positive,chest_radiograph_lateral,Lateral,2961.0,Pneumonia,True,,0.984542715897025
ml\outputs\calibration\sets\lateral\2781_IM-1219-2001.dcm.png,positive,chest_radiograph_lateral,Lateral,2781.0,Normal,True,,0.9990572102432883
ml\outputs\calibration\sets\lateral\3502_IM-1707-1003.dcm.png,positive,chest_radiograph_lateral,Lateral,3502.0,Edema/Congestion,True,,0.9648669938266796
ml\outputs\calibration\sets\lateral\3736_IM-1866-1002.dcm.png,positive,chest_radiograph_lateral,Lateral,3736.0,Other Abnormality,True,,0.9997633714527427
ml\outputs\calibration\sets\lateral\2247_IM-0844-2001.dcm.png,positive,chest_radiograph_lateral,Lateral,2247.0,Normal,True,,0.9999284907132787
ml\outputs\calibration\sets\lateral\2150_IM-0770-2001.dcm.png,positive,chest_radiograph_lateral,Lateral,2150.0,Nodule/Mass,True,,0.9998149763726047
ml\outputs\calibration\sets\lateral\1946_IM-0615-2001.dcm.png,positive,chest_radiograph_lateral,Lateral,1946.0,Support Devices,True,,0.9997949980498849
ml\outputs\calibration\sets\lateral\2100_IM-0731-2001.dcm.png,positive,chest_radiograph_lateral,Lateral,2100.0,Calcinosis/Atherosclerosis,True,,0.9963860916726535
ml\outputs\calibration\sets\lateral\3605_IM-1781-1002.dcm.png,positive,chest_radiograph_lateral,Lateral,3605.0,Normal,True,,0.9999662612153492
ml\outputs\calibration\sets\lateral\3418_IM-1653-2001.dcm.png,positive,chest_radiograph_lateral,Lateral,3418.0,Other Abnormality,True,,0.9977819061931906
ml\outputs\calibration\sets\lateral\1316_IM-0205-1003.dcm.png,positive,chest_radiograph_lateral,Lateral,1316.0,Normal,True,,0.9857567295667317
ml\outputs\calibration\sets\lateral\2313_IM-0888-1004003.dcm.png,positive,chest_radiograph_lateral,Lateral,2313.0,Normal,True,,0.9999686571840426
ml\outputs\calibration\sets\lateral\3525_IM-1722-1001.dcm.png,positive,chest_radiograph_lateral,Lateral,3525.0,Support Devices,True,,0.825258899420713
ml\outputs\calibration\sets\lateral\3672_IM-1828-2001.dcm.png,positive,chest_radiograph_lateral,Lateral,3672.0,Edema/Congestion,True,,0.996712001142124
ml\outputs\calibration\sets\lateral\3508_IM-1710-2001.dcm.png,positive,chest_radiograph_lateral,Lateral,3508.0,Pleural Effusion,True,,0.9944982984330268
ml\outputs\calibration\sets\lateral\2902_IM-1306-3001.dcm.png,positive,chest_radiograph_lateral,Lateral,2902.0,Normal,True,,0.9999336394725689
ml\outputs\calibration\sets\lateral\310_IM-1451-0001-0002.dcm.png,positive,chest_radiograph_lateral,Lateral,310.0,Normal,True,,0.9997346175781905
ml\outputs\calibration\sets\lateral\1520_IM-0336-1003002.dcm.png,positive,chest_radiograph_lateral,Lateral,1520.0,Normal,True,,0.9999824780690408
ml\outputs\calibration\sets\lateral\1902_IM-0586-2001.dcm.png,positive,chest_radiograph_lateral,Lateral,1902.0,Normal,True,,0.999206238191534
ml\outputs\calibration\sets\lateral\2181_IM-0793-1001-0002.dcm.png,positive,chest_radiograph_lateral,Lateral,2181.0,Cardiomegaly,True,,0.44149227474811714
ml\outputs\calibration\sets\lateral\3148_IM-1480-2001.dcm.png,positive,chest_radiograph_lateral,Lateral,3148.0,Pleural Effusion,True,,0.9994779889966844
ml\outputs\calibration\sets\lateral\3192_IM-1505-2001.dcm.png,positive,chest_radiograph_lateral,Lateral,3192.0,Hernia/Diaphragm,True,,0.9952592745961355
ml\outputs\calibration\sets\lateral\2287_IM-0872-2001.dcm.png,positive,chest_radiograph_lateral,Lateral,2287.0,Cardiomegaly,True,,0.9944545057403786
ml\outputs\calibration\sets\lateral\2963_IM-1356-2001.dcm.png,positive,chest_radiograph_lateral,Lateral,2963.0,Normal,True,,0.9998810249603304
ml\outputs\calibration\sets\lateral\2752_IM-1202-0001-0002.dcm.png,positive,chest_radiograph_lateral,Lateral,2752.0,Edema/Congestion,True,,0.7474377211755021
ml\outputs\calibration\sets\lateral\609_IM-2197-2001.dcm.png,positive,chest_radiograph_lateral,Lateral,609.0,Normal,True,,0.9999608992055287
ml\outputs\calibration\sets\lateral\2384_IM-0942-3001.dcm.png,positive,chest_radiograph_lateral,Lateral,2384.0,Hernia/Diaphragm,True,,0.9999541508440914
ml\outputs\calibration\sets\lateral\3661_IM-1821-2001.dcm.png,positive,chest_radiograph_lateral,Lateral,3661.0,Normal,True,,0.9999042197935751
ml\outputs\calibration\sets\lateral\1920_IM-0598-2001.dcm.png,positive,chest_radiograph_lateral,Lateral,1920.0,Normal,True,,0.9998896942516088
ml\outputs\calibration\sets\lateral\3237_IM-1534-1001.dcm.png,positive,chest_radiograph_lateral,Lateral,3237.0,Cardiomegaly,True,,0.9987095418489096
ml\outputs\calibration\sets\lateral\3216_IM-1520-2001.dcm.png,positive,chest_radiograph_lateral,Lateral,3216.0,Normal,True,,0.999766916207744
ml\outputs\calibration\sets\lateral\1778_IM-0509-2001.dcm.png,positive,chest_radiograph_lateral,Lateral,1778.0,Normal,True,,0.9991038349990053
ml\outputs\calibration\sets\lateral\1844_IM-0547-2001.dcm.png,positive,chest_radiograph_lateral,Lateral,1844.0,Other Abnormality,True,,0.9997310661028366
ml\outputs\calibration\sets\lateral\2645_IM-1131-1001.dcm.png,positive,chest_radiograph_lateral,Lateral,2645.0,Support Devices,True,,0.9641031833457895
ml\outputs\calibration\sets\lateral\2966_IM-1359-2001.dcm.png,positive,chest_radiograph_lateral,Lateral,2966.0,Degenerative/Bone,True,,0.9997515490872076
ml\outputs\calibration\sets\lateral\3873_IM-1965-3001.dcm.png,positive,chest_radiograph_lateral,Lateral,3873.0,Lung Opacity,True,,0.9981283819098091
ml\outputs\calibration\sets\lateral\2928_IM-1330-1001.dcm.png,positive,chest_radiograph_lateral,Lateral,2928.0,Hernia/Diaphragm,True,,0.08226026300092834
ml\outputs\calibration\sets\lateral\3840_IM-1941-1001.dcm.png,positive,chest_radiograph_lateral,Lateral,3840.0,Edema/Congestion,True,,0.9340509541730189
ml\outputs\calibration\sets\lateral\1911_IM-0593-1002.dcm.png,positive,chest_radiograph_lateral,Lateral,1911.0,Normal,True,,0.9999191741671442
ml\outputs\calibration\sets\lateral\2892_IM-1295-2001.dcm.png,positive,chest_radiograph_lateral,Lateral,2892.0,Granuloma,True,,0.9960670443833514
ml\outputs\calibration\sets\lateral\2467_IM-0997-2001.dcm.png,positive,chest_radiograph_lateral,Lateral,2467.0,Lung Opacity,True,,0.9998217776962751
ml\outputs\calibration\sets\lateral\708_IM-2271-2001.dcm.png,positive,chest_radiograph_lateral,Lateral,708.0,Normal,True,,0.9998310928322156
ml\outputs\calibration\sets\lateral\921_IM-2423-2001.dcm.png,positive,chest_radiograph_lateral,Lateral,921.0,Normal,True,,0.9998798804998656
ml\outputs\calibration\sets\lateral\336_IM-1613-2001.dcm.png,positive,chest_radiograph_lateral,Lateral,336.0,Normal,True,,0.9997269318358378
ml\outputs\calibration\sets\natural_photograph\astronaut.png,negative,natural_photograph,,,,True,,9.355579802164905e-10
ml\outputs\calibration\sets\natural_photograph\cat.png,negative,natural_photograph,,,,True,,2.85520287503788e-06
ml\outputs\calibration\sets\natural_photograph\chelsea.png,negative,natural_photograph,,,,True,,2.85520287503788e-06
ml\outputs\calibration\sets\natural_photograph\coffee.png,negative,natural_photograph,,,,True,,6.862869308333537e-08
ml\outputs\calibration\sets\natural_photograph\rocket.png,negative,natural_photograph,,,,True,,0.008610988584268987
ml\outputs\calibration\sets\natural_photograph\camera.png,negative,natural_photograph,,,,True,,1.498999185805361e-05
ml\outputs\calibration\sets\natural_photograph\coins.png,negative,natural_photograph,,,,True,,2.182626119291598e-06
ml\outputs\calibration\sets\natural_photograph\horse.png,negative,natural_photograph,,,,False,FILE_TOO_SMALL,
ml\outputs\calibration\sets\natural_photograph\moon.png,negative,natural_photograph,,,,True,,0.0019851506543871245
ml\outputs\calibration\sets\natural_photograph\clock.png,negative,natural_photograph,,,,True,,2.0852414151952115e-07
ml\outputs\calibration\sets\natural_photograph\grass.png,negative,natural_photograph,,,,True,,0.000778337909507394
ml\outputs\calibration\sets\natural_photograph\gravel.png,negative,natural_photograph,,,,True,,5.869875907291619e-06
ml\outputs\calibration\sets\natural_photograph\brick.png,negative,natural_photograph,,,,True,,2.492281432757794e-05
ml\outputs\calibration\sets\natural_photograph\colorwheel.png,negative,natural_photograph,,,,True,,6.239439591707158e-06
ml\outputs\calibration\sets\natural_photograph\hubble_deep_field.png,negative,natural_photograph,,,,True,,0.000740037290141204
ml\outputs\calibration\sets\natural_photograph\immunohistochemistry.png,negative,natural_photograph,,,,True,,0.03317329421144845
ml\outputs\calibration\sets\other_medical_imaging\retina.png,negative,other_medical_imaging,,,,True,,0.03482075253535621
ml\outputs\calibration\sets\other_medical_imaging\shepp_logan_phantom.png,negative,other_medical_imaging,,,,False,FILE_TOO_SMALL,
ml\outputs\calibration\sets\scanned_document\page.png,negative,scanned_document,,,,False,DIMENSIONS_TOO_SMALL,
ml\outputs\calibration\sets\scanned_document\text.png,negative,scanned_document,,,,False,DIMENSIONS_TOO_SMALL,
ml\outputs\calibration\sets\scanned_document\logo.png,negative,scanned_document,,,,True,,3.316787295473822e-08
ml\outputs\calibration\sets\other_radiograph\105_jpg.rf.3cde2fcd15a9bdf6a2d2d32aff48f33d.png,negative,other_radiograph_modality,,,,True,,0.9230443614149079
ml\outputs\calibration\sets\other_radiograph\10_jpg.rf.d362a00f9a6b4ac31668dc8aae9c71de.png,negative,other_radiograph_modality,,,,True,,0.8950387666789728
ml\outputs\calibration\sets\other_radiograph\117_jpg.rf.119dccd2483b04d8d3a8c33a1393d362.png,negative,other_radiograph_modality,,,,True,,0.9781662653662363
ml\outputs\calibration\sets\other_radiograph\118_jpg.rf.acee2a86eba65adc57f3b15d5acab93c.png,negative,other_radiograph_modality,,,,False,DIMENSIONS_TOO_SMALL,
ml\outputs\calibration\sets\other_radiograph\11_jpg.rf.8e1c22ba2779121f3ba0a8ae03a20407.png,negative,other_radiograph_modality,,,,True,,0.993243393612765
ml\outputs\calibration\sets\other_radiograph\124_jpg.rf.100aeaede7a9c017d7f74f73cfcf34d7.png,negative,other_radiograph_modality,,,,True,,0.681045630127426
ml\outputs\calibration\sets\other_radiograph\124_jpg.rf.dab4a5f6292af8332da8f9bad9751ba6.png,negative,other_radiograph_modality,,,,True,,0.8861711347599789
ml\outputs\calibration\sets\other_radiograph\12_jpg.rf.3e4b2f52016c100e9f869397933ef2d3.png,negative,other_radiograph_modality,,,,True,,0.9796644365212956
ml\outputs\calibration\sets\other_radiograph\131_jpg.rf.1a70e4c9e91ea953aa55988ab20fa95a.png,negative,other_radiograph_modality,,,,False,DIMENSIONS_TOO_SMALL,
ml\outputs\calibration\sets\other_radiograph\135_jpg.rf.a8cbe93a3de035a4927b20c42604ae4c.png,negative,other_radiograph_modality,,,,True,,0.9098150613281015
ml\outputs\calibration\sets\other_radiograph\145_jpg.rf.5a3d6fbf3dcb9d88626ba82182f29254.png,negative,other_radiograph_modality,,,,False,DIMENSIONS_TOO_SMALL,
ml\outputs\calibration\sets\other_radiograph\164_jpg.rf.9a5230f67ddc2426d52597a70c6984f9.png,negative,other_radiograph_modality,,,,True,,0.9341194316594378
ml\outputs\calibration\sets\other_radiograph\165_jpg.rf.e831420b761a317ab9fb725e12781bd8.png,negative,other_radiograph_modality,,,,True,,0.7712816699932122
ml\outputs\calibration\sets\other_radiograph\16_jpg.rf.0ef960d157f3f332421d9d5a8248a00f.png,negative,other_radiograph_modality,,,,True,,0.48297473418547887
ml\outputs\calibration\sets\other_radiograph\173_jpg.rf.7bcde8912d29eb7f5409d79c922924cd.png,negative,other_radiograph_modality,,,,True,,0.995490322805003
ml\outputs\calibration\sets\other_radiograph\186_jpg.rf.3d96cc9db76cb67ec0bab598d4208152.png,negative,other_radiograph_modality,,,,True,,0.9960591202614031
ml\outputs\calibration\sets\other_radiograph\194_jpg.rf.b8e95cf106dfe177aa13ff892562c641.png,negative,other_radiograph_modality,,,,True,,0.9721873812251182
ml\outputs\calibration\sets\other_radiograph\201_jpg.rf.6c78e7e06349770df39f8f8a01a06908.png,negative,other_radiograph_modality,,,,True,,0.5950732615787983
ml\outputs\calibration\sets\other_radiograph\202_jpg.rf.896abd97885d07442a74be88a00c73e2.png,negative,other_radiograph_modality,,,,True,,0.9319904751739314
ml\outputs\calibration\sets\other_radiograph\204_jpg.rf.3c47ac3c43fab1b4d62a19ceed8c8231.png,negative,other_radiograph_modality,,,,True,,0.9972216322463926
ml\outputs\calibration\sets\other_radiograph\205_jpg.rf.b30bdf73b6009d15a54011fd1acab0d0.png,negative,other_radiograph_modality,,,,True,,0.8880502986092946
ml\outputs\calibration\sets\other_radiograph\206_jpg.rf.3854aa9bcfdf9e6321ef94c5584f51ab.png,negative,other_radiograph_modality,,,,True,,0.6066986100121824
ml\outputs\calibration\sets\other_radiograph\208_jpg.rf.11baac82fd392341802eabf670ade349.png,negative,other_radiograph_modality,,,,True,,0.9960100324326795
ml\outputs\calibration\sets\other_radiograph\212_jpg.rf.24251e3e1177eae5ca265eac655a799f.png,negative,other_radiograph_modality,,,,True,,0.9947394877458736
ml\outputs\calibration\sets\other_radiograph\239_jpg.rf.a3c439a0dc2f4c4e5db8b3a4c4a2180c.png,negative,other_radiograph_modality,,,,True,,0.08498745304182517
ml\outputs\calibration\sets\natural_photograph\photo_1000.png,negative,natural_photograph,,,,True,,0.00028480867500806767
ml\outputs\calibration\sets\natural_photograph\photo_1001.png,negative,natural_photograph,,,,True,,5.4850449043909085e-06
ml\outputs\calibration\sets\natural_photograph\photo_1002.png,negative,natural_photograph,,,,True,,0.001310548537203269
ml\outputs\calibration\sets\natural_photograph\photo_1003.png,negative,natural_photograph,,,,True,,7.915160359296925e-06
ml\outputs\calibration\sets\natural_photograph\photo_1004.png,negative,natural_photograph,,,,True,,0.0076598978100328894
ml\outputs\calibration\sets\natural_photograph\photo_1005.png,negative,natural_photograph,,,,True,,3.2029786547781104e-09
ml\outputs\calibration\sets\natural_photograph\photo_1006.png,negative,natural_photograph,,,,True,,1.4230837637583398e-06
ml\outputs\calibration\sets\natural_photograph\photo_1008.png,negative,natural_photograph,,,,True,,0.00027572802199677467
ml\outputs\calibration\sets\natural_photograph\photo_1009.png,negative,natural_photograph,,,,True,,8.885948098241714e-08
ml\outputs\calibration\sets\natural_photograph\photo_1010.png,negative,natural_photograph,,,,True,,5.079534842629446e-06
ml\outputs\calibration\sets\natural_photograph\photo_1011.png,negative,natural_photograph,,,,True,,3.2099506434827503e-07
ml\outputs\calibration\sets\natural_photograph\photo_1012.png,negative,natural_photograph,,,,True,,2.8742052770049337e-05
ml\outputs\calibration\sets\natural_photograph\photo_1013.png,negative,natural_photograph,,,,True,,8.257287490036752e-06
ml\outputs\calibration\sets\natural_photograph\photo_1014.png,negative,natural_photograph,,,,True,,1.2410435445789911e-05
ml\outputs\calibration\sets\natural_photograph\photo_1015.png,negative,natural_photograph,,,,True,,0.011711556258904767
ml\outputs\calibration\sets\natural_photograph\photo_1016.png,negative,natural_photograph,,,,True,,3.664164834482452e-05
ml\outputs\calibration\sets\natural_photograph\photo_1018.png,negative,natural_photograph,,,,True,,0.00012528474686964114
ml\outputs\calibration\sets\natural_photograph\photo_1019.png,negative,natural_photograph,,,,True,,0.0009692446896718009
ml\outputs\calibration\sets\natural_photograph\photo_1020.png,negative,natural_photograph,,,,True,,5.761424127844859e-06
ml\outputs\calibration\sets\natural_photograph\photo_1021.png,negative,natural_photograph,,,,True,,0.0004877912843916232
ml\outputs\calibration\sets\natural_photograph\photo_1022.png,negative,natural_photograph,,,,True,,0.0006277482276217726
ml\outputs\calibration\sets\natural_photograph\photo_1023.png,negative,natural_photograph,,,,True,,0.008408790330557341
ml\outputs\calibration\sets\natural_photograph\photo_1024.png,negative,natural_photograph,,,,True,,0.00017981543779977134
ml\outputs\calibration\sets\natural_photograph\photo_1025.png,negative,natural_photograph,,,,True,,8.589301551761268e-08
ml\outputs\calibration\sets\natural_photograph\photo_1026.png,negative,natural_photograph,,,,True,,0.011606209897889106
ml\outputs\calibration\sets\natural_photograph\photo_1027.png,negative,natural_photograph,,,,True,,3.900204138628384e-09
ml\outputs\calibration\sets\natural_photograph\photo_1028.png,negative,natural_photograph,,,,True,,0.0025071054254741385
ml\outputs\calibration\sets\natural_photograph\photo_1029.png,negative,natural_photograph,,,,True,,1.3310667426414227e-05
ml\outputs\calibration\sets\natural_photograph\photo_1031.png,negative,natural_photograph,,,,True,,4.568448488434733e-08
ml\outputs\calibration\sets\natural_photograph\photo_1032.png,negative,natural_photograph,,,,True,,0.011041223415712662
ml\outputs\calibration\sets\natural_photograph\photo_1033.png,negative,natural_photograph,,,,True,,0.0002486282925601271
ml\outputs\calibration\sets\natural_photograph\photo_1035.png,negative,natural_photograph,,,,True,,0.0004641934339864971
ml\outputs\calibration\sets\natural_photograph\photo_1036.png,negative,natural_photograph,,,,True,,0.0004642564451399784
ml\outputs\calibration\sets\natural_photograph\photo_1037.png,negative,natural_photograph,,,,True,,7.624783576498771e-05
ml\outputs\calibration\sets\natural_photograph\photo_1038.png,negative,natural_photograph,,,,True,,0.09441796667368438
ml\outputs\calibration\sets\natural_photograph\photo_1039.png,negative,natural_photograph,,,,True,,0.0006386001018907477
ml\outputs\calibration\sets\natural_photograph\photo_1040.png,negative,natural_photograph,,,,True,,1.5610481029723135e-06
ml\outputs\calibration\sets\natural_photograph\photo_1041.png,negative,natural_photograph,,,,True,,0.0023959347760435165
ml\outputs\calibration\sets\natural_photograph\photo_1042.png,negative,natural_photograph,,,,True,,0.017657564375555667
ml\outputs\calibration\sets\natural_photograph\photo_1043.png,negative,natural_photograph,,,,True,,2.7866762484427553e-06
ml\outputs\calibration\sets\natural_photograph\photo_1044.png,negative,natural_photograph,,,,True,,0.00041743075613516126
ml\outputs\calibration\sets\natural_photograph\photo_1045.png,negative,natural_photograph,,,,True,,0.009440947965833656
ml\outputs\calibration\sets\natural_photograph\photo_1047.png,negative,natural_photograph,,,,True,,1.0418900502303998e-06
ml\outputs\calibration\sets\natural_photograph\photo_1048.png,negative,natural_photograph,,,,True,,0.00011081979522181205
ml\outputs\calibration\sets\natural_photograph\photo_1049.png,negative,natural_photograph,,,,True,,2.3044127042980296e-06
ml\outputs\calibration\sets\natural_photograph\photo_1050.png,negative,natural_photograph,,,,True,,0.0011352188237810097
ml\outputs\calibration\sets\natural_photograph\photo_1051.png,negative,natural_photograph,,,,True,,0.00021935932118611072
ml\outputs\calibration\sets\natural_photograph\photo_1052.png,negative,natural_photograph,,,,True,,3.1796045438111456e-07
ml\outputs\calibration\sets\natural_photograph\photo_1053.png,negative,natural_photograph,,,,True,,0.0010273478965969825
ml\outputs\calibration\sets\natural_photograph\photo_1054.png,negative,natural_photograph,,,,True,,6.327122999460775e-06
ml\outputs\calibration\sets\natural_photograph\photo_1055.png,negative,natural_photograph,,,,True,,4.012451456458733e-05
ml\outputs\calibration\sets\natural_photograph\photo_1056.png,negative,natural_photograph,,,,True,,0.012795417646240596
ml\outputs\calibration\sets\natural_photograph\photo_1057.png,negative,natural_photograph,,,,True,,0.00024935431876035104
ml\outputs\calibration\sets\natural_photograph\photo_1058.png,negative,natural_photograph,,,,True,,1.0058431213292833e-05
ml\outputs\calibration\sets\natural_photograph\photo_1059.png,negative,natural_photograph,,,,True,,4.834427128596364e-08
ml\outputs\calibration\sets\natural_photograph\photo_1060.png,negative,natural_photograph,,,,True,,4.00537652377514e-05
ml\outputs\calibration\sets\natural_photograph\photo_1061.png,negative,natural_photograph,,,,True,,0.0016440089342073614
ml\outputs\calibration\sets\natural_photograph\photo_1062.png,negative,natural_photograph,,,,True,,2.7802287936402097e-05
ml\outputs\calibration\sets\natural_photograph\photo_1063.png,negative,natural_photograph,,,,True,,4.495979148146907e-05
ml\outputs\calibration\sets\natural_photograph\photo_1064.png,negative,natural_photograph,,,,True,,0.020255348717728095
ml\outputs\calibration\sets\scanned_document\report_page_00.png,negative,scanned_document,,,,False,FILE_TOO_SMALL,
ml\outputs\calibration\sets\scanned_document\report_page_01.png,negative,scanned_document,,,,False,FILE_TOO_SMALL,
ml\outputs\calibration\sets\scanned_document\report_page_02.png,negative,scanned_document,,,,False,FILE_TOO_SMALL,
ml\outputs\calibration\sets\scanned_document\report_page_03.png,negative,scanned_document,,,,False,FILE_TOO_SMALL,
ml\outputs\calibration\sets\scanned_document\report_page_04.png,negative,scanned_document,,,,False,FILE_TOO_SMALL,
ml\outputs\calibration\sets\scanned_document\report_page_05.png,negative,scanned_document,,,,False,FILE_TOO_SMALL,
ml\outputs\calibration\sets\scanned_document\report_page_06.png,negative,scanned_document,,,,False,FILE_TOO_SMALL,
ml\outputs\calibration\sets\scanned_document\report_page_07.png,negative,scanned_document,,,,False,FILE_TOO_SMALL,
ml\outputs\calibration\sets\scanned_document\report_page_08.png,negative,scanned_document,,,,False,FILE_TOO_SMALL,
ml\outputs\calibration\sets\scanned_document\report_page_09.png,negative,scanned_document,,,,False,FILE_TOO_SMALL,
ml\outputs\calibration\sets\scanned_document\report_page_10.png,negative,scanned_document,,,,False,FILE_TOO_SMALL,
ml\outputs\calibration\sets\scanned_document\report_page_11.png,negative,scanned_document,,,,False,FILE_TOO_SMALL,
ml\outputs\calibration\sets\scanned_document\report_page_12.png,negative,scanned_document,,,,False,FILE_TOO_SMALL,
ml\outputs\calibration\sets\scanned_document\report_page_13.png,negative,scanned_document,,,,False,FILE_TOO_SMALL,
ml\outputs\calibration\sets\scanned_document\report_page_14.png,negative,scanned_document,,,,False,FILE_TOO_SMALL,
ml\outputs\calibration\sets\scanned_document\report_page_15.png,negative,scanned_document,,,,False,FILE_TOO_SMALL,
ml\outputs\calibration\sets\scanned_document\report_page_16.png,negative,scanned_document,,,,False,FILE_TOO_SMALL,
ml\outputs\calibration\sets\scanned_document\report_page_17.png,negative,scanned_document,,,,False,FILE_TOO_SMALL,
ml\outputs\calibration\sets\scanned_document\report_page_18.png,negative,scanned_document,,,,False,FILE_TOO_SMALL,
ml\outputs\calibration\sets\scanned_document\report_page_19.png,negative,scanned_document,,,,False,FILE_TOO_SMALL,
ml\outputs\calibration\sets\damaged\3789_IM-1902-1001.dcm.png,negative,damaged_image,,,,False,IMAGE_VERIFY_FAILED,
ml\outputs\calibration\sets\damaged\3592_IM-1771-2001.dcm.png,negative,damaged_image,,,,False,IMAGE_VERIFY_FAILED,
ml\outputs\calibration\sets\damaged\1725_IM-0478-2001.dcm.png,negative,damaged_image,,,,False,IMAGE_VERIFY_FAILED,
ml\outputs\calibration\sets\damaged\911_IM-2417-1002.dcm.png,negative,damaged_image,,,,False,IMAGE_VERIFY_FAILED,
ml\outputs\calibration\sets\damaged\425_IM-2068-1001.dcm.png,negative,damaged_image,,,,False,IMAGE_VERIFY_FAILED,
ml\outputs\calibration\sets\damaged\3746_IM-1872-1001.dcm.png,negative,damaged_image,,,,False,IMAGE_VERIFY_FAILED,
ml\outputs\calibration\sets\damaged\1463_IM-0300-1001.dcm.png,negative,damaged_image,,,,False,IMAGE_VERIFY_FAILED,
ml\outputs\calibration\sets\damaged\1327_IM-0211-1001.dcm.png,negative,damaged_image,,,,False,IMAGE_VERIFY_FAILED,
ml\outputs\calibration\sets\damaged\3370_IM-1622-2001.dcm.png,negative,damaged_image,,,,False,IMAGE_VERIFY_FAILED,
ml\outputs\calibration\sets\damaged\2863_IM-1271-2001.dcm.png,negative,damaged_image,,,,False,IMAGE_VERIFY_FAILED,
ml\outputs\calibration\sets\damaged\2565_IM-1068-1002.dcm.png,negative,damaged_image,,,,False,IMAGE_VERIFY_FAILED,
ml\outputs\calibration\sets\damaged\1314_IM-0204-1001.dcm.png,negative,damaged_image,,,,False,IMAGE_VERIFY_FAILED,
ml\outputs\calibration\sets\damaged\2632_IM-1119-1001.dcm.png,negative,damaged_image,,,,False,IMAGE_VERIFY_FAILED,
ml\outputs\calibration\sets\damaged\48_IM-2103-2001.dcm.png,negative,damaged_image,,,,False,IMAGE_VERIFY_FAILED,
ml\outputs\calibration\sets\damaged\1345_IM-0223-2001.dcm.png,negative,damaged_image,,,,False,IMAGE_VERIFY_FAILED,
ml\outputs\calibration\sets\damaged\3656_IM-1817-1001.dcm.png,negative,damaged_image,,,,False,IMAGE_VERIFY_FAILED,
ml\outputs\calibration\sets\damaged\3837_IM-1939-2001.dcm.png,negative,damaged_image,,,,False,IMAGE_VERIFY_FAILED,
ml\outputs\calibration\sets\damaged\2586_IM-1083-1001.dcm.png,negative,damaged_image,,,,False,IMAGE_VERIFY_FAILED,
ml\outputs\calibration\sets\damaged\3521_IM-1719-1001.dcm.png,negative,damaged_image,,,,False,IMAGE_VERIFY_FAILED,
ml\outputs\calibration\sets\damaged\2916_IM-1318-1001.dcm.png,negative,damaged_image,,,,False,IMAGE_VERIFY_FAILED,
